{
    "name": {
        "translate": "spemotes.emote.name.SPE_Eat food2",
        "fallback": "Кушать еду cидя §4(§cКСЭПСП§4)"
    },
    "author": "SPEmotes",
    "description": {
        "translate": "spemotes.emote.description.SPE_Eat food2",
        "fallback": "Так кушать хочу, аж лень стоять"
    },
    "emote": {
        "isLoop": "true",
        "returnTick": 48,
        "beginTick": 0,
        "endTick": 107,
        "stopTick": 108,
        "degrees": false,
        "moves": [
            {
                "tick": 10,
                "easing": "EASEINOUTQUAD",
                "turn": 0,
                "head": {
                    "y": -0.0
                }
            },
            {
                "tick": 20,
                "easing": "EASEINOUTQUAD",
                "turn": 0,
                "head": {
                    "y": -0.0
                }
            },
            {
                "tick": 27,
                "easing": "EASEINOUTQUAD",
                "turn": 0,
                "head": {
                    "y": -0.0
                }
            },
            {
                "tick": 38,
                "easing": "EASEINOUTQUAD",
                "turn": 0,
                "head": {
                    "y": -0.0
                }
            },
            {
                "tick": 44,
                "easing": "EASEINOUTQUAD",
                "turn": 0,
                "head": {
                    "y": -0.0
                }
            },
            {
                "tick": 48,
                "easing": "EASEINOUTQUAD",
                "turn": 0,
                "head": {
                    "y": -0.0030088424682617188
                }
            },
            {
                "tick": 58,
                "easing": "EASEINOUTQUAD",
                "turn": 0,
                "head": {
                    "y": -0.00025653839111328125
                }
            },
            {
                "tick": 63,
                "easing": "EASEINOUTQUAD",
                "turn": 0,
                "head": {
                    "y": 0.0006265640258789062
                }
            },
            {
                "tick": 67,
                "easing": "EASEINOUTQUAD",
                "turn": 0,
                "head": {
                    "y": -0.0
                }
            },
            {
                "tick": 70,
                "easing": "EASEINOUTQUAD",
                "turn": 0,
                "head": {
                    "y": -0.0
                }
            },
            {
                "tick": 83,
                "easing": "EASEINOUTQUAD",
                "turn": 0,
                "head": {
                    "y": -0.0
                }
            },
            {
                "tick": 92,
                "easing": "EASEINOUTQUAD",
                "turn": 0,
                "head": {
                    "y": -0.48621177673339844
                }
            },
            {
                "tick": 94,
                "easing": "EASEINOUTQUAD",
                "turn": 0,
                "head": {
                    "y": 0.31563854217529297
                }
            },
            {
                "tick": 98,
                "easing": "EASEINOUTQUAD",
                "turn": 0,
                "head": {
                    "y": -0.1366558074951172
                }
            },
            {
                "tick": 103,
                "easing": "EASEINOUTQUAD",
                "turn": 0,
                "head": {
                    "y": -0.05874156951904297
                }
            },
            {
                "tick": 107,
                "easing": "EASEINOUTQUAD",
                "turn": 0,
                "head": {
                    "y": -0.0030088424682617188
                }
            },
            {
                "tick": 10,
                "easing": "EASEINOUTQUAD",
                "turn": 0,
                "head": {
                    "z": -0.0
                }
            },
            {
                "tick": 20,
                "easing": "EASEINOUTQUAD",
                "turn": 0,
                "head": {
                    "z": -0.0
                }
            },
            {
                "tick": 27,
                "easing": "EASEINOUTQUAD",
                "turn": 0,
                "head": {
                    "z": -0.0
                }
            },
            {
                "tick": 38,
                "easing": "EASEINOUTQUAD",
                "turn": 0,
                "head": {
                    "z": -0.0
                }
            },
            {
                "tick": 44,
                "easing": "EASEINOUTQUAD",
                "turn": 0,
                "head": {
                    "z": -0.0
                }
            },
            {
                "tick": 48,
                "easing": "EASEINOUTQUAD",
                "turn": 0,
                "head": {
                    "z": -0.9102107882499695
                }
            },
            {
                "tick": 58,
                "easing": "EASEINOUTQUAD",
                "turn": 0,
                "head": {
                    "z": -0.07753592729568481
                }
            },
            {
                "tick": 63,
                "easing": "EASEINOUTQUAD",
                "turn": 0,
                "head": {
                    "z": 0.18970298767089844
                }
            },
            {
                "tick": 67,
                "easing": "EASEINOUTQUAD",
                "turn": 0,
                "head": {
                    "z": -0.0
                }
            },
            {
                "tick": 70,
                "easing": "EASEINOUTQUAD",
                "turn": 0,
                "head": {
                    "z": -0.0
                }
            },
            {
                "tick": 83,
                "easing": "EASEINOUTQUAD",
                "turn": 0,
                "head": {
                    "z": -0.0
                }
            },
            {
                "tick": 92,
                "easing": "EASEINOUTQUAD",
                "turn": 0,
                "head": {
                    "z": 0.0015236570034176111
                }
            },
            {
                "tick": 94,
                "easing": "EASEINOUTQUAD",
                "turn": 0,
                "head": {
                    "z": -0.0009891237132251263
                }
            },
            {
                "tick": 98,
                "easing": "EASEINOUTQUAD",
                "turn": 0,
                "head": {
                    "z": 0.0004282406298443675
                }
            },
            {
                "tick": 103,
                "easing": "EASEINOUTQUAD",
                "turn": 0,
                "head": {
                    "z": -0.5304656028747559
                }
            },
            {
                "tick": 107,
                "easing": "EASEINOUTQUAD",
                "turn": 0,
                "head": {
                    "z": -0.9102107882499695
                }
            },
            {
                "tick": 10,
                "easing": "EASEINOUTQUAD",
                "turn": 0,
                "head": {
                    "x": -0.0
                }
            },
            {
                "tick": 20,
                "easing": "EASEINOUTQUAD",
                "turn": 0,
                "head": {
                    "x": -0.0
                }
            },
            {
                "tick": 27,
                "easing": "EASEINOUTQUAD",
                "turn": 0,
                "head": {
                    "x": -0.0
                }
            },
            {
                "tick": 38,
                "easing": "EASEINOUTQUAD",
                "turn": 0,
                "head": {
                    "x": -0.0
                }
            },
            {
                "tick": 44,
                "easing": "EASEINOUTQUAD",
                "turn": 0,
                "head": {
                    "x": -0.0
                }
            },
            {
                "tick": 48,
                "easing": "EASEINOUTQUAD",
                "turn": 0,
                "head": {
                    "x": -0.2133409082889557
                }
            },
            {
                "tick": 58,
                "easing": "EASEINOUTQUAD",
                "turn": 0,
                "head": {
                    "x": -0.018173351883888245
                }
            },
            {
                "tick": 63,
                "easing": "EASEINOUTQUAD",
                "turn": 0,
                "head": {
                    "x": 0.044463783502578735
                }
            },
            {
                "tick": 67,
                "easing": "EASEINOUTQUAD",
                "turn": 0,
                "head": {
                    "x": -0.0
                }
            },
            {
                "tick": 70,
                "easing": "EASEINOUTQUAD",
                "turn": 0,
                "head": {
                    "x": -0.0
                }
            },
            {
                "tick": 83,
                "easing": "EASEINOUTQUAD",
                "turn": 0,
                "head": {
                    "x": -0.0
                }
            },
            {
                "tick": 92,
                "easing": "EASEINOUTQUAD",
                "turn": 0,
                "head": {
                    "x": 0.00035712565295398235
                }
            },
            {
                "tick": 94,
                "easing": "EASEINOUTQUAD",
                "turn": 0,
                "head": {
                    "x": -0.00023183699522633106
                }
            },
            {
                "tick": 98,
                "easing": "EASEINOUTQUAD",
                "turn": 0,
                "head": {
                    "x": 0.00010037371248472482
                }
            },
            {
                "tick": 103,
                "easing": "EASEINOUTQUAD",
                "turn": 0,
                "head": {
                    "x": -0.12433385103940964
                }
            },
            {
                "tick": 107,
                "easing": "EASEINOUTQUAD",
                "turn": 0,
                "head": {
                    "x": -0.2133409082889557
                }
            },
            {
                "tick": 10,
                "easing": "EASEINOUTQUAD",
                "turn": 0,
                "head": {
                    "yaw": -0.1358392834663391
                }
            },
            {
                "tick": 20,
                "easing": "EASEINOUTQUAD",
                "turn": 0,
                "head": {
                    "yaw": -0.30934813618659973
                }
            },
            {
                "tick": 27,
                "easing": "EASEINOUTQUAD",
                "turn": 0,
                "head": {
                    "yaw": 0.19202162325382233
                }
            },
            {
                "tick": 38,
                "easing": "EASEINOUTQUAD",
                "turn": 0,
                "head": {
                    "yaw": 0.26036301255226135
                }
            },
            {
                "tick": 44,
                "easing": "EASEINOUTQUAD",
                "turn": 0,
                "head": {
                    "yaw": 0.37134432792663574
                }
            },
            {
                "tick": 48,
                "easing": "EASEINOUTQUAD",
                "turn": 0,
                "head": {
                    "yaw": 0.4022359549999237
                }
            },
            {
                "tick": 58,
                "easing": "EASEINOUTQUAD",
                "turn": 0,
                "head": {
                    "yaw": 0.4022359549999237
                }
            },
            {
                "tick": 63,
                "easing": "EASEINOUTQUAD",
                "turn": 0,
                "head": {
                    "yaw": 0.41075706481933594
                }
            },
            {
                "tick": 67,
                "easing": "EASEINOUTQUAD",
                "turn": 0,
                "head": {
                    "yaw": 0.3628246784210205
                }
            },
            {
                "tick": 70,
                "easing": "EASEINOUTQUAD",
                "turn": 0,
                "head": {
                    "yaw": 0.37134432792663574
                }
            },
            {
                "tick": 83,
                "easing": "EASEINOUTQUAD",
                "turn": 0,
                "head": {
                    "yaw": 0.3885706663131714
                }
            },
            {
                "tick": 92,
                "easing": "EASEINOUTQUAD",
                "turn": 0,
                "head": {
                    "yaw": 0.41240978240966797
                }
            },
            {
                "tick": 94,
                "easing": "EASEINOUTQUAD",
                "turn": 0,
                "head": {
                    "yaw": 0.4113065302371979
                }
            },
            {
                "tick": 98,
                "easing": "EASEINOUTQUAD",
                "turn": 0,
                "head": {
                    "yaw": 0.4131709337234497
                }
            },
            {
                "tick": 103,
                "easing": "EASEINOUTQUAD",
                "turn": 0,
                "head": {
                    "yaw": 0.44546666741371155
                }
            },
            {
                "tick": 107,
                "easing": "EASEINOUTQUAD",
                "turn": 0,
                "head": {
                    "yaw": 0.4022359549999237
                }
            },
            {
                "tick": 10,
                "easing": "EASEINOUTQUAD",
                "turn": 0,
                "head": {
                    "roll": -0.12336316704750061
                }
            },
            {
                "tick": 20,
                "easing": "EASEINOUTQUAD",
                "turn": 0,
                "head": {
                    "roll": 0.016454385593533516
                }
            },
            {
                "tick": 27,
                "easing": "EASEINOUTQUAD",
                "turn": 0,
                "head": {
                    "roll": -0.0011992976069450378
                }
            },
            {
                "tick": 38,
                "easing": "EASEINOUTQUAD",
                "turn": 0,
                "head": {
                    "roll": -0.1507304161787033
                }
            },
            {
                "tick": 44,
                "easing": "EASEINOUTQUAD",
                "turn": 0,
                "head": {
                    "roll": -0.13919977843761444
                }
            },
            {
                "tick": 48,
                "easing": "EASEINOUTQUAD",
                "turn": 0,
                "head": {
                    "roll": -0.14218154549598694
                }
            },
            {
                "tick": 58,
                "easing": "EASEINOUTQUAD",
                "turn": 0,
                "head": {
                    "roll": -0.14218154549598694
                }
            },
            {
                "tick": 63,
                "easing": "EASEINOUTQUAD",
                "turn": 0,
                "head": {
                    "roll": -0.13012173771858215
                }
            },
            {
                "tick": 67,
                "easing": "EASEINOUTQUAD",
                "turn": 0,
                "head": {
                    "roll": -0.14790457487106323
                }
            },
            {
                "tick": 70,
                "easing": "EASEINOUTQUAD",
                "turn": 0,
                "head": {
                    "roll": -0.13919977843761444
                }
            },
            {
                "tick": 83,
                "easing": "EASEINOUTQUAD",
                "turn": 0,
                "head": {
                    "roll": -0.04716744273900986
                }
            },
            {
                "tick": 92,
                "easing": "EASEINOUTQUAD",
                "turn": 0,
                "head": {
                    "roll": -0.029554057866334915
                }
            },
            {
                "tick": 94,
                "easing": "EASEINOUTQUAD",
                "turn": 0,
                "head": {
                    "roll": -0.042200010269880295
                }
            },
            {
                "tick": 98,
                "easing": "EASEINOUTQUAD",
                "turn": 0,
                "head": {
                    "roll": -0.032018642872571945
                }
            },
            {
                "tick": 103,
                "easing": "EASEINOUTQUAD",
                "turn": 0,
                "head": {
                    "roll": -0.02314140275120735
                }
            },
            {
                "tick": 107,
                "easing": "EASEINOUTQUAD",
                "turn": 0,
                "head": {
                    "roll": -0.14218154549598694
                }
            },
            {
                "tick": 10,
                "easing": "EASEINOUTQUAD",
                "turn": 0,
                "head": {
                    "pitch": 0.5833118557929993
                }
            },
            {
                "tick": 20,
                "easing": "EASEINOUTQUAD",
                "turn": 0,
                "head": {
                    "pitch": 0.5516863465309143
                }
            },
            {
                "tick": 27,
                "easing": "EASEINOUTQUAD",
                "turn": 0,
                "head": {
                    "pitch": 0.19737225770950317
                }
            },
            {
                "tick": 38,
                "easing": "EASEINOUTQUAD",
                "turn": 0,
                "head": {
                    "pitch": 0.16578176617622375
                }
            },
            {
                "tick": 44,
                "easing": "EASEINOUTQUAD",
                "turn": 0,
                "head": {
                    "pitch": -0.1337341070175171
                }
            },
            {
                "tick": 48,
                "easing": "EASEINOUTQUAD",
                "turn": 0,
                "head": {
                    "pitch": 0.05504586920142174
                }
            },
            {
                "tick": 58,
                "easing": "EASEINOUTQUAD",
                "turn": 0,
                "head": {
                    "pitch": 0.05504586920142174
                }
            },
            {
                "tick": 63,
                "easing": "EASEINOUTQUAD",
                "turn": 0,
                "head": {
                    "pitch": 0.12273676693439484
                }
            },
            {
                "tick": 67,
                "easing": "EASEINOUTQUAD",
                "turn": 0,
                "head": {
                    "pitch": -0.19686028361320496
                }
            },
            {
                "tick": 70,
                "easing": "EASEINOUTQUAD",
                "turn": 0,
                "head": {
                    "pitch": -0.1337341070175171
                }
            },
            {
                "tick": 83,
                "easing": "EASEINOUTQUAD",
                "turn": 0,
                "head": {
                    "pitch": -0.07627220451831818
                }
            },
            {
                "tick": 92,
                "easing": "EASEINOUTQUAD",
                "turn": 0,
                "head": {
                    "pitch": -0.06048606336116791
                }
            },
            {
                "tick": 94,
                "easing": "EASEINOUTQUAD",
                "turn": 0,
                "head": {
                    "pitch": -0.12773771584033966
                }
            },
            {
                "tick": 98,
                "easing": "EASEINOUTQUAD",
                "turn": 0,
                "head": {
                    "pitch": -0.07294169068336487
                }
            },
            {
                "tick": 103,
                "easing": "EASEINOUTQUAD",
                "turn": 0,
                "head": {
                    "pitch": -0.17185324430465698
                }
            },
            {
                "tick": 107,
                "easing": "EASEINOUTQUAD",
                "turn": 0,
                "head": {
                    "pitch": 0.05504586920142174
                }
            },
            {
                "tick": 10,
                "easing": "EASEINOUTQUAD",
                "turn": 0,
                "torso": {
                    "yaw": 0.2282554656267166
                }
            },
            {
                "tick": 20,
                "easing": "EASEINOUTQUAD",
                "turn": 0,
                "torso": {
                    "yaw": 0.2282554656267166
                }
            },
            {
                "tick": 27,
                "easing": "EASEINOUTQUAD",
                "turn": 0,
                "torso": {
                    "yaw": 0.23022904992103577
                }
            },
            {
                "tick": 29,
                "easing": "EASEINOUTQUAD",
                "turn": 0,
                "torso": {
                    "yaw": 0.23022904992103577
                }
            },
            {
                "tick": 48,
                "easing": "EASEINOUTQUAD",
                "turn": 0,
                "torso": {
                    "yaw": 0.23022904992103577
                }
            },
            {
                "tick": 77,
                "easing": "EASEINOUTQUAD",
                "turn": 0,
                "torso": {
                    "yaw": 0.23022904992103577
                }
            },
            {
                "tick": 107,
                "easing": "EASEINOUTQUAD",
                "turn": 0,
                "torso": {
                    "yaw": 0.23022904992103577
                }
            },
            {
                "tick": 10,
                "easing": "EASEINOUTQUAD",
                "turn": 0,
                "torso": {
                    "roll": -0.03035585768520832
                }
            },
            {
                "tick": 20,
                "easing": "EASEINOUTQUAD",
                "turn": 0,
                "torso": {
                    "roll": -0.03035585768520832
                }
            },
            {
                "tick": 27,
                "easing": "EASEINOUTQUAD",
                "turn": 0,
                "torso": {
                    "roll": -0.0007544063264504075
                }
            },
            {
                "tick": 29,
                "easing": "EASEINOUTQUAD",
                "turn": 0,
                "torso": {
                    "roll": -0.0007544063264504075
                }
            },
            {
                "tick": 48,
                "easing": "EASEINOUTQUAD",
                "turn": 0,
                "torso": {
                    "roll": -0.0007544063264504075
                }
            },
            {
                "tick": 77,
                "easing": "EASEINOUTQUAD",
                "turn": 0,
                "torso": {
                    "roll": -0.0007544063264504075
                }
            },
            {
                "tick": 107,
                "easing": "EASEINOUTQUAD",
                "turn": 0,
                "torso": {
                    "roll": -0.0007544063264504075
                }
            },
            {
                "tick": 10,
                "easing": "EASEINOUTQUAD",
                "turn": 0,
                "torso": {
                    "pitch": -0.13339687883853912
                }
            },
            {
                "tick": 20,
                "easing": "EASEINOUTQUAD",
                "turn": 0,
                "torso": {
                    "pitch": -0.13339687883853912
                }
            },
            {
                "tick": 27,
                "easing": "EASEINOUTQUAD",
                "turn": 0,
                "torso": {
                    "pitch": -0.0033058703411370516
                }
            },
            {
                "tick": 29,
                "easing": "EASEINOUTQUAD",
                "turn": 0,
                "torso": {
                    "pitch": -0.0033058703411370516
                }
            },
            {
                "tick": 48,
                "easing": "EASEINOUTQUAD",
                "turn": 0,
                "torso": {
                    "pitch": -0.0033058703411370516
                }
            },
            {
                "tick": 77,
                "easing": "EASEINOUTQUAD",
                "turn": 0,
                "torso": {
                    "pitch": -0.0033058703411370516
                }
            },
            {
                "tick": 107,
                "easing": "EASEINOUTQUAD",
                "turn": 0,
                "torso": {
                    "pitch": -0.0033058703411370516
                }
            },
            {
                "tick": 10,
                "easing": "EASEINOUTQUAD",
                "turn": 0,
                "torso": {
                    "y": 0.0
                }
            },
            {
                "tick": 20,
                "easing": "EASEINOUTQUAD",
                "turn": 0,
                "torso": {
                    "y": 0.0
                }
            },
            {
                "tick": 27,
                "easing": "EASEINOUTQUAD",
                "turn": 0,
                "torso": {
                    "y": -0.6471565961837769
                }
            },
            {
                "tick": 29,
                "easing": "EASEINOUTQUAD",
                "turn": 0,
                "torso": {
                    "y": -0.6135119199752808
                }
            },
            {
                "tick": 48,
                "easing": "EASEINOUTQUAD",
                "turn": 0,
                "torso": {
                    "y": -0.6135119199752808
                }
            },
            {
                "tick": 77,
                "easing": "EASEINOUTQUAD",
                "turn": 0,
                "torso": {
                    "y": -0.5937474966049194
                }
            },
            {
                "tick": 107,
                "easing": "EASEINOUTQUAD",
                "turn": 0,
                "torso": {
                    "y": -0.6135119199752808
                }
            },
            {
                "tick": 10,
                "easing": "EASEINOUTQUAD",
                "turn": 0,
                "torso": {
                    "x": 0.0
                }
            },
            {
                "tick": 20,
                "easing": "EASEINOUTQUAD",
                "turn": 0,
                "torso": {
                    "x": 0.0
                }
            },
            {
                "tick": 27,
                "easing": "EASEINOUTQUAD",
                "turn": 0,
                "torso": {
                    "x": 0.0
                }
            },
            {
                "tick": 29,
                "easing": "EASEINOUTQUAD",
                "turn": 0,
                "torso": {
                    "x": 0.0
                }
            },
            {
                "tick": 48,
                "easing": "EASEINOUTQUAD",
                "turn": 0,
                "torso": {
                    "x": 0.0
                }
            },
            {
                "tick": 77,
                "easing": "EASEINOUTQUAD",
                "turn": 0,
                "torso": {
                    "x": 0.0
                }
            },
            {
                "tick": 107,
                "easing": "EASEINOUTQUAD",
                "turn": 0,
                "torso": {
                    "x": 0.0
                }
            },
            {
                "tick": 10,
                "easing": "EASEINOUTQUAD",
                "turn": 0,
                "torso": {
                    "z": -0.0
                }
            },
            {
                "tick": 20,
                "easing": "EASEINOUTQUAD",
                "turn": 0,
                "torso": {
                    "z": -0.0
                }
            },
            {
                "tick": 27,
                "easing": "EASEINOUTQUAD",
                "turn": 0,
                "torso": {
                    "z": -0.0
                }
            },
            {
                "tick": 29,
                "easing": "EASEINOUTQUAD",
                "turn": 0,
                "torso": {
                    "z": -0.0
                }
            },
            {
                "tick": 48,
                "easing": "EASEINOUTQUAD",
                "turn": 0,
                "torso": {
                    "z": -0.0
                }
            },
            {
                "tick": 77,
                "easing": "EASEINOUTQUAD",
                "turn": 0,
                "torso": {
                    "z": -0.0
                }
            },
            {
                "tick": 107,
                "easing": "EASEINOUTQUAD",
                "turn": 0,
                "torso": {
                    "z": -0.0
                }
            },
            {
                "tick": 10,
                "easing": "EASEINOUTQUAD",
                "turn": 0,
                "rightArm": {
                    "yaw": -1.2408820390701294
                }
            },
            {
                "tick": 14,
                "easing": "EASEINOUTQUAD",
                "turn": 0,
                "rightArm": {
                    "yaw": -1.2408820390701294
                }
            },
            {
                "tick": 17,
                "easing": "EASEINOUTQUAD",
                "turn": 0,
                "rightArm": {
                    "yaw": -1.2298139333724976
                }
            },
            {
                "tick": 20,
                "easing": "EASEINOUTQUAD",
                "turn": 0,
                "rightArm": {
                    "yaw": -1.2463908195495605
                }
            },
            {
                "tick": 27,
                "easing": "EASEINOUTQUAD",
                "turn": 0,
                "rightArm": {
                    "yaw": 0.21191613376140594
                }
            },
            {
                "tick": 38,
                "easing": "EASEINOUTQUAD",
                "turn": 0,
                "rightArm": {
                    "yaw": 0.2538982927799225
                }
            },
            {
                "tick": 48,
                "easing": "EASEINOUTQUAD",
                "turn": 0,
                "rightArm": {
                    "yaw": 0.05266066640615463
                }
            },
            {
                "tick": 58,
                "easing": "EASEINOUTQUAD",
                "turn": 0,
                "rightArm": {
                    "yaw": 0.06854987889528275
                }
            },
            {
                "tick": 63,
                "easing": "EASEINOUTQUAD",
                "turn": 0,
                "rightArm": {
                    "yaw": 0.06854987889528275
                }
            },
            {
                "tick": 67,
                "easing": "EASEINOUTQUAD",
                "turn": 0,
                "rightArm": {
                    "yaw": 0.04558759927749634
                }
            },
            {
                "tick": 69,
                "easing": "EASEINOUTQUAD",
                "turn": 0,
                "rightArm": {
                    "yaw": 0.04558759927749634
                }
            },
            {
                "tick": 84,
                "easing": "EASEINOUTQUAD",
                "turn": 0,
                "rightArm": {
                    "yaw": 0.05986408144235611
                }
            },
            {
                "tick": 107,
                "easing": "EASEINOUTQUAD",
                "turn": 0,
                "rightArm": {
                    "yaw": 0.05266066640615463
                }
            },
            {
                "tick": 10,
                "easing": "EASEINOUTQUAD",
                "turn": 0,
                "rightArm": {
                    "roll": -0.39427101612091064
                }
            },
            {
                "tick": 14,
                "easing": "EASEINOUTQUAD",
                "turn": 0,
                "rightArm": {
                    "roll": -0.39427101612091064
                }
            },
            {
                "tick": 17,
                "easing": "EASEINOUTQUAD",
                "turn": 0,
                "rightArm": {
                    "roll": -0.3792420029640198
                }
            },
            {
                "tick": 20,
                "easing": "EASEINOUTQUAD",
                "turn": 0,
                "rightArm": {
                    "roll": -0.5966147780418396
                }
            },
            {
                "tick": 27,
                "easing": "EASEINOUTQUAD",
                "turn": 0,
                "rightArm": {
                    "roll": 0.2607841491699219
                }
            },
            {
                "tick": 38,
                "easing": "EASEINOUTQUAD",
                "turn": 0,
                "rightArm": {
                    "roll": 0.1754271686077118
                }
            },
            {
                "tick": 48,
                "easing": "EASEINOUTQUAD",
                "turn": 0,
                "rightArm": {
                    "roll": 0.7345843315124512
                }
            },
            {
                "tick": 58,
                "easing": "EASEINOUTQUAD",
                "turn": 0,
                "rightArm": {
                    "roll": 0.6623129844665527
                }
            },
            {
                "tick": 63,
                "easing": "EASEINOUTQUAD",
                "turn": 0,
                "rightArm": {
                    "roll": 0.6623129844665527
                }
            },
            {
                "tick": 67,
                "easing": "EASEINOUTQUAD",
                "turn": 0,
                "rightArm": {
                    "roll": 0.6880089044570923
                }
            },
            {
                "tick": 69,
                "easing": "EASEINOUTQUAD",
                "turn": 0,
                "rightArm": {
                    "roll": 0.6880089044570923
                }
            },
            {
                "tick": 84,
                "easing": "EASEINOUTQUAD",
                "turn": 0,
                "rightArm": {
                    "roll": 0.7729006409645081
                }
            },
            {
                "tick": 107,
                "easing": "EASEINOUTQUAD",
                "turn": 0,
                "rightArm": {
                    "roll": 0.7345843315124512
                }
            },
            {
                "tick": 10,
                "easing": "EASEINOUTQUAD",
                "turn": 0,
                "rightArm": {
                    "y": 3.621400833129883
                }
            },
            {
                "tick": 14,
                "easing": "EASEINOUTQUAD",
                "turn": 0,
                "rightArm": {
                    "y": 4.088559627532959
                }
            },
            {
                "tick": 17,
                "easing": "EASEINOUTQUAD",
                "turn": 0,
                "rightArm": {
                    "y": 4.088559627532959
                }
            },
            {
                "tick": 20,
                "easing": "EASEINOUTQUAD",
                "turn": 0,
                "rightArm": {
                    "y": 4.088559627532959
                }
            },
            {
                "tick": 27,
                "easing": "EASEINOUTQUAD",
                "turn": 0,
                "rightArm": {
                    "y": 4.088559627532959
                }
            },
            {
                "tick": 38,
                "easing": "EASEINOUTQUAD",
                "turn": 0,
                "rightArm": {
                    "y": 4.579807281494141
                }
            },
            {
                "tick": 48,
                "easing": "EASEINOUTQUAD",
                "turn": 0,
                "rightArm": {
                    "y": 5.19647741317749
                }
            },
            {
                "tick": 58,
                "easing": "EASEINOUTQUAD",
                "turn": 0,
                "rightArm": {
                    "y": 5.577764987945557
                }
            },
            {
                "tick": 63,
                "easing": "EASEINOUTQUAD",
                "turn": 0,
                "rightArm": {
                    "y": 5.577764987945557
                }
            },
            {
                "tick": 67,
                "easing": "EASEINOUTQUAD",
                "turn": 0,
                "rightArm": {
                    "y": 4.335918426513672
                }
            },
            {
                "tick": 69,
                "easing": "EASEINOUTQUAD",
                "turn": 0,
                "rightArm": {
                    "y": 4.337169170379639
                }
            },
            {
                "tick": 84,
                "easing": "EASEINOUTQUAD",
                "turn": 0,
                "rightArm": {
                    "y": 4.1451849937438965
                }
            },
            {
                "tick": 107,
                "easing": "EASEINOUTQUAD",
                "turn": 0,
                "rightArm": {
                    "y": 5.19647741317749
                }
            },
            {
                "tick": 10,
                "easing": "EASEINOUTQUAD",
                "turn": 0,
                "rightArm": {
                    "z": -0.4615577459335327
                }
            },
            {
                "tick": 14,
                "easing": "EASEINOUTQUAD",
                "turn": 0,
                "rightArm": {
                    "z": -0.7580289244651794
                }
            },
            {
                "tick": 17,
                "easing": "EASEINOUTQUAD",
                "turn": 0,
                "rightArm": {
                    "z": -0.6979511380195618
                }
            },
            {
                "tick": 20,
                "easing": "EASEINOUTQUAD",
                "turn": 0,
                "rightArm": {
                    "z": -0.5814149379730225
                }
            },
            {
                "tick": 27,
                "easing": "EASEINOUTQUAD",
                "turn": 0,
                "rightArm": {
                    "z": -0.5814149379730225
                }
            },
            {
                "tick": 38,
                "easing": "EASEINOUTQUAD",
                "turn": 0,
                "rightArm": {
                    "z": -0.7486603856086731
                }
            },
            {
                "tick": 48,
                "easing": "EASEINOUTQUAD",
                "turn": 0,
                "rightArm": {
                    "z": -0.33669334650039673
                }
            },
            {
                "tick": 58,
                "easing": "EASEINOUTQUAD",
                "turn": 0,
                "rightArm": {
                    "z": -0.6319001317024231
                }
            },
            {
                "tick": 63,
                "easing": "EASEINOUTQUAD",
                "turn": 0,
                "rightArm": {
                    "z": -0.6319001317024231
                }
            },
            {
                "tick": 67,
                "easing": "EASEINOUTQUAD",
                "turn": 0,
                "rightArm": {
                    "z": -1.4135149717330933
                }
            },
            {
                "tick": 69,
                "easing": "EASEINOUTQUAD",
                "turn": 0,
                "rightArm": {
                    "z": -1.0351626873016357
                }
            },
            {
                "tick": 84,
                "easing": "EASEINOUTQUAD",
                "turn": 0,
                "rightArm": {
                    "z": -0.5748849511146545
                }
            },
            {
                "tick": 107,
                "easing": "EASEINOUTQUAD",
                "turn": 0,
                "rightArm": {
                    "z": -0.33669334650039673
                }
            },
            {
                "tick": 10,
                "easing": "EASEINOUTQUAD",
                "turn": 0,
                "rightArm": {
                    "x": -3.9590864181518555
                }
            },
            {
                "tick": 14,
                "easing": "EASEINOUTQUAD",
                "turn": 0,
                "rightArm": {
                    "x": -2.96166729927063
                }
            },
            {
                "tick": 17,
                "easing": "EASEINOUTQUAD",
                "turn": 0,
                "rightArm": {
                    "x": -3.217986822128296
                }
            },
            {
                "tick": 20,
                "easing": "EASEINOUTQUAD",
                "turn": 0,
                "rightArm": {
                    "x": -3.715183734893799
                }
            },
            {
                "tick": 27,
                "easing": "EASEINOUTQUAD",
                "turn": 0,
                "rightArm": {
                    "x": -3.715183734893799
                }
            },
            {
                "tick": 38,
                "easing": "EASEINOUTQUAD",
                "turn": 0,
                "rightArm": {
                    "x": -3.7543838024139404
                }
            },
            {
                "tick": 48,
                "easing": "EASEINOUTQUAD",
                "turn": 0,
                "rightArm": {
                    "x": -5.520723342895508
                }
            },
            {
                "tick": 58,
                "easing": "EASEINOUTQUAD",
                "turn": 0,
                "rightArm": {
                    "x": -5.508176326751709
                }
            },
            {
                "tick": 63,
                "easing": "EASEINOUTQUAD",
                "turn": 0,
                "rightArm": {
                    "x": -5.508176326751709
                }
            },
            {
                "tick": 67,
                "easing": "EASEINOUTQUAD",
                "turn": 0,
                "rightArm": {
                    "x": -5.569034099578857
                }
            },
            {
                "tick": 69,
                "easing": "EASEINOUTQUAD",
                "turn": 0,
                "rightArm": {
                    "x": -5.480353355407715
                }
            },
            {
                "tick": 84,
                "easing": "EASEINOUTQUAD",
                "turn": 0,
                "rightArm": {
                    "x": -4.489660263061523
                }
            },
            {
                "tick": 107,
                "easing": "EASEINOUTQUAD",
                "turn": 0,
                "rightArm": {
                    "x": -5.520723342895508
                }
            },
            {
                "tick": 10,
                "easing": "EASEINOUTQUAD",
                "turn": 0,
                "rightArm": {
                    "pitch": -0.39856958389282227
                }
            },
            {
                "tick": 14,
                "easing": "EASEINOUTQUAD",
                "turn": 0,
                "rightArm": {
                    "pitch": -0.39856958389282227
                }
            },
            {
                "tick": 17,
                "easing": "EASEINOUTQUAD",
                "turn": 0,
                "rightArm": {
                    "pitch": -0.38587474822998047
                }
            },
            {
                "tick": 20,
                "easing": "EASEINOUTQUAD",
                "turn": 0,
                "rightArm": {
                    "pitch": -0.26963838934898376
                }
            },
            {
                "tick": 27,
                "easing": "EASEINOUTQUAD",
                "turn": 0,
                "rightArm": {
                    "pitch": -1.0838552713394165
                }
            },
            {
                "tick": 38,
                "easing": "EASEINOUTQUAD",
                "turn": 0,
                "rightArm": {
                    "pitch": -1.350070834159851
                }
            },
            {
                "tick": 48,
                "easing": "EASEINOUTQUAD",
                "turn": 0,
                "rightArm": {
                    "pitch": -0.9021543264389038
                }
            },
            {
                "tick": 58,
                "easing": "EASEINOUTQUAD",
                "turn": 0,
                "rightArm": {
                    "pitch": -1.0516483783721924
                }
            },
            {
                "tick": 63,
                "easing": "EASEINOUTQUAD",
                "turn": 0,
                "rightArm": {
                    "pitch": -1.0516483783721924
                }
            },
            {
                "tick": 67,
                "easing": "EASEINOUTQUAD",
                "turn": 0,
                "rightArm": {
                    "pitch": -0.794119119644165
                }
            },
            {
                "tick": 69,
                "easing": "EASEINOUTQUAD",
                "turn": 0,
                "rightArm": {
                    "pitch": -0.794119119644165
                }
            },
            {
                "tick": 84,
                "easing": "EASEINOUTQUAD",
                "turn": 0,
                "rightArm": {
                    "pitch": -0.8027615547180176
                }
            },
            {
                "tick": 107,
                "easing": "EASEINOUTQUAD",
                "turn": 0,
                "rightArm": {
                    "pitch": -0.9021543264389038
                }
            },
            {
                "tick": 38,
                "easing": "EASEINOUTQUAD",
                "turn": 0,
                "rightArm": {
                    "bend": -0.0
                }
            },
            {
                "tick": 48,
                "easing": "EASEINOUTQUAD",
                "turn": 0,
                "rightArm": {
                    "bend": -1.0595413446426392
                }
            },
            {
                "tick": 69,
                "easing": "EASEINOUTQUAD",
                "turn": 0,
                "rightArm": {
                    "bend": -1.1746124029159546
                }
            },
            {
                "tick": 107,
                "easing": "EASEINOUTQUAD",
                "turn": 0,
                "rightArm": {
                    "bend": -1.0595413446426392
                }
            },
            {
                "tick": 10,
                "easing": "EASEINOUTQUAD",
                "turn": 0,
                "leftArm": {
                    "roll": -0.3515833616256714
                }
            },
            {
                "tick": 27,
                "easing": "EASEINOUTQUAD",
                "turn": 0,
                "leftArm": {
                    "roll": -0.2880319058895111
                }
            },
            {
                "tick": 38,
                "easing": "EASEINOUTQUAD",
                "turn": 0,
                "leftArm": {
                    "roll": -0.3011966049671173
                }
            },
            {
                "tick": 48,
                "easing": "EASEINOUTQUAD",
                "turn": 0,
                "leftArm": {
                    "roll": -0.23366253077983856
                }
            },
            {
                "tick": 68,
                "easing": "EASEINOUTQUAD",
                "turn": 0,
                "leftArm": {
                    "roll": -0.12860214710235596
                }
            },
            {
                "tick": 87,
                "easing": "EASEINOUTQUAD",
                "turn": 0,
                "leftArm": {
                    "roll": -0.26408854126930237
                }
            },
            {
                "tick": 107,
                "easing": "EASEINOUTQUAD",
                "turn": 0,
                "leftArm": {
                    "roll": -0.23366253077983856
                }
            },
            {
                "tick": 10,
                "easing": "EASEINOUTQUAD",
                "turn": 0,
                "leftArm": {
                    "yaw": 0.031198153272271156
                }
            },
            {
                "tick": 27,
                "easing": "EASEINOUTQUAD",
                "turn": 0,
                "leftArm": {
                    "yaw": 0.20950156450271606
                }
            },
            {
                "tick": 38,
                "easing": "EASEINOUTQUAD",
                "turn": 0,
                "leftArm": {
                    "yaw": 0.38498836755752563
                }
            },
            {
                "tick": 48,
                "easing": "EASEINOUTQUAD",
                "turn": 0,
                "leftArm": {
                    "yaw": 0.2063455879688263
                }
            },
            {
                "tick": 68,
                "easing": "EASEINOUTQUAD",
                "turn": 0,
                "leftArm": {
                    "yaw": 0.15990430116653442
                }
            },
            {
                "tick": 87,
                "easing": "EASEINOUTQUAD",
                "turn": 0,
                "leftArm": {
                    "yaw": 0.0743970274925232
                }
            },
            {
                "tick": 107,
                "easing": "EASEINOUTQUAD",
                "turn": 0,
                "leftArm": {
                    "yaw": 0.2063455879688263
                }
            },
            {
                "tick": 10,
                "easing": "EASEINOUTQUAD",
                "turn": 0,
                "leftArm": {
                    "pitch": 0.027964487671852112
                }
            },
            {
                "tick": 27,
                "easing": "EASEINOUTQUAD",
                "turn": 0,
                "leftArm": {
                    "pitch": -0.014199823141098022
                }
            },
            {
                "tick": 38,
                "easing": "EASEINOUTQUAD",
                "turn": 0,
                "leftArm": {
                    "pitch": -0.20927347242832184
                }
            },
            {
                "tick": 48,
                "easing": "EASEINOUTQUAD",
                "turn": 0,
                "leftArm": {
                    "pitch": -0.1776282787322998
                }
            },
            {
                "tick": 68,
                "easing": "EASEINOUTQUAD",
                "turn": 0,
                "leftArm": {
                    "pitch": -0.04943215101957321
                }
            },
            {
                "tick": 87,
                "easing": "EASEINOUTQUAD",
                "turn": 0,
                "leftArm": {
                    "pitch": -0.025119733065366745
                }
            },
            {
                "tick": 107,
                "easing": "EASEINOUTQUAD",
                "turn": 0,
                "leftArm": {
                    "pitch": -0.1776282787322998
                }
            },
            {
                "tick": 10,
                "easing": "EASEINOUTQUAD",
                "turn": 0,
                "leftArm": {
                    "y": 2.0
                }
            },
            {
                "tick": 27,
                "easing": "EASEINOUTQUAD",
                "turn": 0,
                "leftArm": {
                    "y": 2.814131736755371
                }
            },
            {
                "tick": 38,
                "easing": "EASEINOUTQUAD",
                "turn": 0,
                "leftArm": {
                    "y": 2.814131736755371
                }
            },
            {
                "tick": 48,
                "easing": "EASEINOUTQUAD",
                "turn": 0,
                "leftArm": {
                    "y": 3.401865005493164
                }
            },
            {
                "tick": 68,
                "easing": "EASEINOUTQUAD",
                "turn": 0,
                "leftArm": {
                    "y": 2.7605342864990234
                }
            },
            {
                "tick": 87,
                "easing": "EASEINOUTQUAD",
                "turn": 0,
                "leftArm": {
                    "y": 2.7605342864990234
                }
            },
            {
                "tick": 107,
                "easing": "EASEINOUTQUAD",
                "turn": 0,
                "leftArm": {
                    "y": 3.401865005493164
                }
            },
            {
                "tick": 10,
                "easing": "EASEINOUTQUAD",
                "turn": 0,
                "leftArm": {
                    "z": -0.0
                }
            },
            {
                "tick": 27,
                "easing": "EASEINOUTQUAD",
                "turn": 0,
                "leftArm": {
                    "z": -0.10356206446886063
                }
            },
            {
                "tick": 38,
                "easing": "EASEINOUTQUAD",
                "turn": 0,
                "leftArm": {
                    "z": -0.10356206446886063
                }
            },
            {
                "tick": 48,
                "easing": "EASEINOUTQUAD",
                "turn": 0,
                "leftArm": {
                    "z": -0.1054038554430008
                }
            },
            {
                "tick": 68,
                "easing": "EASEINOUTQUAD",
                "turn": 0,
                "leftArm": {
                    "z": -0.10339409857988358
                }
            },
            {
                "tick": 87,
                "easing": "EASEINOUTQUAD",
                "turn": 0,
                "leftArm": {
                    "z": -0.10339409857988358
                }
            },
            {
                "tick": 107,
                "easing": "EASEINOUTQUAD",
                "turn": 0,
                "leftArm": {
                    "z": -0.1054038554430008
                }
            },
            {
                "tick": 10,
                "easing": "EASEINOUTQUAD",
                "turn": 0,
                "leftArm": {
                    "x": 5.0
                }
            },
            {
                "tick": 27,
                "easing": "EASEINOUTQUAD",
                "turn": 0,
                "leftArm": {
                    "x": 4.97572660446167
                }
            },
            {
                "tick": 38,
                "easing": "EASEINOUTQUAD",
                "turn": 0,
                "leftArm": {
                    "x": 4.97572660446167
                }
            },
            {
                "tick": 48,
                "easing": "EASEINOUTQUAD",
                "turn": 0,
                "leftArm": {
                    "x": 4.975295066833496
                }
            },
            {
                "tick": 68,
                "easing": "EASEINOUTQUAD",
                "turn": 0,
                "leftArm": {
                    "x": 4.975766181945801
                }
            },
            {
                "tick": 87,
                "easing": "EASEINOUTQUAD",
                "turn": 0,
                "leftArm": {
                    "x": 4.975766181945801
                }
            },
            {
                "tick": 107,
                "easing": "EASEINOUTQUAD",
                "turn": 0,
                "leftArm": {
                    "x": 4.975295066833496
                }
            },
            {
                "tick": 10,
                "easing": "EASEINOUTQUAD",
                "turn": 0,
                "rightLeg": {
                    "yaw": 0.27379459142684937
                }
            },
            {
                "tick": 20,
                "easing": "EASEINOUTQUAD",
                "turn": 0,
                "rightLeg": {
                    "yaw": 0.27379459142684937
                }
            },
            {
                "tick": 27,
                "easing": "EASEINOUTQUAD",
                "turn": 0,
                "rightLeg": {
                    "yaw": 0.386680543422699
                }
            },
            {
                "tick": 48,
                "easing": "EASEINOUTQUAD",
                "turn": 0,
                "rightLeg": {
                    "yaw": 0.386680543422699
                }
            },
            {
                "tick": 77,
                "easing": "EASEINOUTQUAD",
                "turn": 0,
                "rightLeg": {
                    "yaw": 0.386680543422699
                }
            },
            {
                "tick": 107,
                "easing": "EASEINOUTQUAD",
                "turn": 0,
                "rightLeg": {
                    "yaw": 0.386680543422699
                }
            },
            {
                "tick": 10,
                "easing": "EASEINOUTQUAD",
                "turn": 0,
                "rightLeg": {
                    "roll": -0.006358462385833263
                }
            },
            {
                "tick": 20,
                "easing": "EASEINOUTQUAD",
                "turn": 0,
                "rightLeg": {
                    "roll": -0.006358462385833263
                }
            },
            {
                "tick": 27,
                "easing": "EASEINOUTQUAD",
                "turn": 0,
                "rightLeg": {
                    "roll": -0.030125122517347336
                }
            },
            {
                "tick": 48,
                "easing": "EASEINOUTQUAD",
                "turn": 0,
                "rightLeg": {
                    "roll": -0.030125122517347336
                }
            },
            {
                "tick": 77,
                "easing": "EASEINOUTQUAD",
                "turn": 0,
                "rightLeg": {
                    "roll": -0.030125122517347336
                }
            },
            {
                "tick": 107,
                "easing": "EASEINOUTQUAD",
                "turn": 0,
                "rightLeg": {
                    "roll": -0.030125122517347336
                }
            },
            {
                "tick": 10,
                "easing": "EASEINOUTQUAD",
                "turn": 0,
                "rightLeg": {
                    "pitch": -0.14121957123279572
                }
            },
            {
                "tick": 20,
                "easing": "EASEINOUTQUAD",
                "turn": 0,
                "rightLeg": {
                    "pitch": -0.14121957123279572
                }
            },
            {
                "tick": 27,
                "easing": "EASEINOUTQUAD",
                "turn": 0,
                "rightLeg": {
                    "pitch": -1.5767663717269897
                }
            },
            {
                "tick": 48,
                "easing": "EASEINOUTQUAD",
                "turn": 0,
                "rightLeg": {
                    "pitch": -1.5767663717269897
                }
            },
            {
                "tick": 77,
                "easing": "EASEINOUTQUAD",
                "turn": 0,
                "rightLeg": {
                    "pitch": -1.5767663717269897
                }
            },
            {
                "tick": 107,
                "easing": "EASEINOUTQUAD",
                "turn": 0,
                "rightLeg": {
                    "pitch": -1.5767663717269897
                }
            },
            {
                "tick": 10,
                "easing": "EASEINOUTQUAD",
                "turn": 0,
                "rightLeg": {
                    "x": -1.9
                }
            },
            {
                "tick": 20,
                "easing": "EASEINOUTQUAD",
                "turn": 0,
                "rightLeg": {
                    "x": -1.9
                }
            },
            {
                "tick": 27,
                "easing": "EASEINOUTQUAD",
                "turn": 0,
                "rightLeg": {
                    "x": -1.9
                }
            },
            {
                "tick": 48,
                "easing": "EASEINOUTQUAD",
                "turn": 0,
                "rightLeg": {
                    "x": -1.9
                }
            },
            {
                "tick": 77,
                "easing": "EASEINOUTQUAD",
                "turn": 0,
                "rightLeg": {
                    "x": -1.9002388954162597
                }
            },
            {
                "tick": 107,
                "easing": "EASEINOUTQUAD",
                "turn": 0,
                "rightLeg": {
                    "x": -1.9
                }
            },
            {
                "tick": 10,
                "easing": "EASEINOUTQUAD",
                "turn": 0,
                "rightLeg": {
                    "y": 12.0
                }
            },
            {
                "tick": 20,
                "easing": "EASEINOUTQUAD",
                "turn": 0,
                "rightLeg": {
                    "y": 12.0
                }
            },
            {
                "tick": 27,
                "easing": "EASEINOUTQUAD",
                "turn": 0,
                "rightLeg": {
                    "y": 12.0
                }
            },
            {
                "tick": 48,
                "easing": "EASEINOUTQUAD",
                "turn": 0,
                "rightLeg": {
                    "y": 12.0
                }
            },
            {
                "tick": 77,
                "easing": "EASEINOUTQUAD",
                "turn": 0,
                "rightLeg": {
                    "y": 12.325305610895157
                }
            },
            {
                "tick": 107,
                "easing": "EASEINOUTQUAD",
                "turn": 0,
                "rightLeg": {
                    "y": 12.0
                }
            },
            {
                "tick": 10,
                "easing": "EASEINOUTQUAD",
                "turn": 0,
                "rightLeg": {
                    "z": 0.1
                }
            },
            {
                "tick": 20,
                "easing": "EASEINOUTQUAD",
                "turn": 0,
                "rightLeg": {
                    "z": 0.1
                }
            },
            {
                "tick": 27,
                "easing": "EASEINOUTQUAD",
                "turn": 0,
                "rightLeg": {
                    "z": 0.1
                }
            },
            {
                "tick": 48,
                "easing": "EASEINOUTQUAD",
                "turn": 0,
                "rightLeg": {
                    "z": 0.1
                }
            },
            {
                "tick": 77,
                "easing": "EASEINOUTQUAD",
                "turn": 0,
                "rightLeg": {
                    "z": 0.09898058199323714
                }
            },
            {
                "tick": 107,
                "easing": "EASEINOUTQUAD",
                "turn": 0,
                "rightLeg": {
                    "z": 0.1
                }
            },
            {
                "tick": 10,
                "easing": "EASEINOUTQUAD",
                "turn": 0,
                "leftLeg": {
                    "yaw": -0.06394287198781967
                }
            },
            {
                "tick": 20,
                "easing": "EASEINOUTQUAD",
                "turn": 0,
                "leftLeg": {
                    "yaw": -0.06394287198781967
                }
            },
            {
                "tick": 27,
                "easing": "EASEINOUTQUAD",
                "turn": 0,
                "leftLeg": {
                    "yaw": -0.0266589242964983
                }
            },
            {
                "tick": 48,
                "easing": "EASEINOUTQUAD",
                "turn": 0,
                "leftLeg": {
                    "yaw": -0.0266589242964983
                }
            },
            {
                "tick": 77,
                "easing": "EASEINOUTQUAD",
                "turn": 0,
                "leftLeg": {
                    "yaw": -0.0266589242964983
                }
            },
            {
                "tick": 107,
                "easing": "EASEINOUTQUAD",
                "turn": 0,
                "leftLeg": {
                    "yaw": -0.0266589242964983
                }
            },
            {
                "tick": 10,
                "easing": "EASEINOUTQUAD",
                "turn": 0,
                "leftLeg": {
                    "roll": -0.0814531072974205
                }
            },
            {
                "tick": 20,
                "easing": "EASEINOUTQUAD",
                "turn": 0,
                "leftLeg": {
                    "roll": -0.0814531072974205
                }
            },
            {
                "tick": 27,
                "easing": "EASEINOUTQUAD",
                "turn": 0,
                "leftLeg": {
                    "roll": 0.02599867433309555
                }
            },
            {
                "tick": 48,
                "easing": "EASEINOUTQUAD",
                "turn": 0,
                "leftLeg": {
                    "roll": 0.02599867433309555
                }
            },
            {
                "tick": 77,
                "easing": "EASEINOUTQUAD",
                "turn": 0,
                "leftLeg": {
                    "roll": 0.02599867433309555
                }
            },
            {
                "tick": 107,
                "easing": "EASEINOUTQUAD",
                "turn": 0,
                "leftLeg": {
                    "roll": 0.02599867433309555
                }
            },
            {
                "tick": 10,
                "easing": "EASEINOUTQUAD",
                "turn": 0,
                "leftLeg": {
                    "pitch": -0.21278762817382812
                }
            },
            {
                "tick": 20,
                "easing": "EASEINOUTQUAD",
                "turn": 0,
                "leftLeg": {
                    "pitch": -0.21278762817382812
                }
            },
            {
                "tick": 27,
                "easing": "EASEINOUTQUAD",
                "turn": 0,
                "leftLeg": {
                    "pitch": -1.5616464614868164
                }
            },
            {
                "tick": 48,
                "easing": "EASEINOUTQUAD",
                "turn": 0,
                "leftLeg": {
                    "pitch": -1.5616464614868164
                }
            },
            {
                "tick": 77,
                "easing": "EASEINOUTQUAD",
                "turn": 0,
                "leftLeg": {
                    "pitch": -1.5616464614868164
                }
            },
            {
                "tick": 107,
                "easing": "EASEINOUTQUAD",
                "turn": 0,
                "leftLeg": {
                    "pitch": -1.5616464614868164
                }
            },
            {
                "tick": 10,
                "easing": "EASEINOUTQUAD",
                "turn": 0,
                "leftLeg": {
                    "y": 12.0
                }
            },
            {
                "tick": 20,
                "easing": "EASEINOUTQUAD",
                "turn": 0,
                "leftLeg": {
                    "y": 12.0
                }
            },
            {
                "tick": 27,
                "easing": "EASEINOUTQUAD",
                "turn": 0,
                "leftLeg": {
                    "y": 12.0
                }
            },
            {
                "tick": 48,
                "easing": "EASEINOUTQUAD",
                "turn": 0,
                "leftLeg": {
                    "y": 12.0
                }
            },
            {
                "tick": 77,
                "easing": "EASEINOUTQUAD",
                "turn": 0,
                "leftLeg": {
                    "y": 12.323327660560608
                }
            },
            {
                "tick": 107,
                "easing": "EASEINOUTQUAD",
                "turn": 0,
                "leftLeg": {
                    "y": 12.0
                }
            },
            {
                "tick": 10,
                "easing": "EASEINOUTQUAD",
                "turn": 0,
                "leftLeg": {
                    "z": -0.1
                }
            },
            {
                "tick": 20,
                "easing": "EASEINOUTQUAD",
                "turn": 0,
                "leftLeg": {
                    "z": -0.1
                }
            },
            {
                "tick": 27,
                "easing": "EASEINOUTQUAD",
                "turn": 0,
                "leftLeg": {
                    "z": -0.1
                }
            },
            {
                "tick": 48,
                "easing": "EASEINOUTQUAD",
                "turn": 0,
                "leftLeg": {
                    "z": -0.1
                }
            },
            {
                "tick": 77,
                "easing": "EASEINOUTQUAD",
                "turn": 0,
                "leftLeg": {
                    "z": -0.10101321958936751
                }
            },
            {
                "tick": 107,
                "easing": "EASEINOUTQUAD",
                "turn": 0,
                "leftLeg": {
                    "z": -0.1
                }
            },
            {
                "tick": 10,
                "easing": "EASEINOUTQUAD",
                "turn": 0,
                "leftLeg": {
                    "x": 1.9
                }
            },
            {
                "tick": 20,
                "easing": "EASEINOUTQUAD",
                "turn": 0,
                "leftLeg": {
                    "x": 1.9
                }
            },
            {
                "tick": 27,
                "easing": "EASEINOUTQUAD",
                "turn": 0,
                "leftLeg": {
                    "x": 1.9
                }
            },
            {
                "tick": 48,
                "easing": "EASEINOUTQUAD",
                "turn": 0,
                "leftLeg": {
                    "x": 1.9
                }
            },
            {
                "tick": 77,
                "easing": "EASEINOUTQUAD",
                "turn": 0,
                "leftLeg": {
                    "x": 1.8997625350952148
                }
            },
            {
                "tick": 107,
                "easing": "EASEINOUTQUAD",
                "turn": 0,
                "leftLeg": {
                    "x": 1.9
                }
            }
        ]
    }
}