{
    "name": {
        "translate": "spemotes.emote.name.SPE_Fall like a soldier",
        "fallback": "Упасть солдатиком"
    },
    "author": "SPEmotes",
    "description": {
        "translate": "spemotes.emote.description.SPE_Fall like a soldier",
        "fallback": "..."
    },
    "emote": {
        "isLoop": "true",
        "returnTick": 32,
        "beginTick": 0,
        "endTick": 33,
        "stopTick": 34,
        "degrees": false,
        "moves": [
            {
                "tick": 33,
                "easing": "EASEINOUTQUAD",
                "turn": 0,
                "head": {
                    "y": -0.0
                }
            },
            {
                "tick": 33,
                "easing": "EASEINOUTQUAD",
                "turn": 0,
                "head": {
                    "z": -0.0
                }
            },
            {
                "tick": 33,
                "easing": "EASEINOUTQUAD",
                "turn": 0,
                "head": {
                    "x": -0.0
                }
            },
            {
                "tick": 33,
                "easing": "EASEINOUTQUAD",
                "turn": 0,
                "head": {
                    "yaw": -0.0
                }
            },
            {
                "tick": 33,
                "easing": "EASEINOUTQUAD",
                "turn": 0,
                "head": {
                    "roll": 0.0
                }
            },
            {
                "tick": 33,
                "easing": "EASEINOUTQUAD",
                "turn": 0,
                "head": {
                    "pitch": -0.0
                }
            },
            {
                "tick": 1,
                "easing": "LINEAR",
                "turn": 0,
                "torso": {
                    "yaw": 0.0
                }
            },
            {
                "tick": 2,
                "easing": "LINEAR",
                "turn": 0,
                "torso": {
                    "yaw": 0.0
                }
            },
            {
                "tick": 3,
                "easing": "LINEAR",
                "turn": 0,
                "torso": {
                    "yaw": 0.0
                }
            },
            {
                "tick": 4,
                "easing": "LINEAR",
                "turn": 0,
                "torso": {
                    "yaw": 0.0
                }
            },
            {
                "tick": 5,
                "easing": "LINEAR",
                "turn": 0,
                "torso": {
                    "yaw": 0.0
                }
            },
            {
                "tick": 6,
                "easing": "LINEAR",
                "turn": 0,
                "torso": {
                    "yaw": 0.0
                }
            },
            {
                "tick": 7,
                "easing": "LINEAR",
                "turn": 0,
                "torso": {
                    "yaw": 0.0
                }
            },
            {
                "tick": 8,
                "easing": "LINEAR",
                "turn": 0,
                "torso": {
                    "yaw": 0.0
                }
            },
            {
                "tick": 9,
                "easing": "LINEAR",
                "turn": 0,
                "torso": {
                    "yaw": 0.0
                }
            },
            {
                "tick": 10,
                "easing": "LINEAR",
                "turn": 0,
                "torso": {
                    "yaw": 0.0
                }
            },
            {
                "tick": 11,
                "easing": "LINEAR",
                "turn": 0,
                "torso": {
                    "yaw": 0.0
                }
            },
            {
                "tick": 12,
                "easing": "LINEAR",
                "turn": 0,
                "torso": {
                    "yaw": 0.0
                }
            },
            {
                "tick": 13,
                "easing": "LINEAR",
                "turn": 0,
                "torso": {
                    "yaw": 0.0
                }
            },
            {
                "tick": 14,
                "easing": "LINEAR",
                "turn": 0,
                "torso": {
                    "yaw": 0.0
                }
            },
            {
                "tick": 15,
                "easing": "LINEAR",
                "turn": 0,
                "torso": {
                    "yaw": 0.0
                }
            },
            {
                "tick": 16,
                "easing": "LINEAR",
                "turn": 0,
                "torso": {
                    "yaw": 0.0
                }
            },
            {
                "tick": 17,
                "easing": "LINEAR",
                "turn": 0,
                "torso": {
                    "yaw": 0.0
                }
            },
            {
                "tick": 18,
                "easing": "LINEAR",
                "turn": 0,
                "torso": {
                    "yaw": 0.0
                }
            },
            {
                "tick": 19,
                "easing": "LINEAR",
                "turn": 0,
                "torso": {
                    "yaw": 0.0
                }
            },
            {
                "tick": 20,
                "easing": "LINEAR",
                "turn": 0,
                "torso": {
                    "yaw": 0.0
                }
            },
            {
                "tick": 21,
                "easing": "LINEAR",
                "turn": 0,
                "torso": {
                    "yaw": 0.0
                }
            },
            {
                "tick": 22,
                "easing": "LINEAR",
                "turn": 0,
                "torso": {
                    "yaw": 0.0
                }
            },
            {
                "tick": 23,
                "easing": "LINEAR",
                "turn": 0,
                "torso": {
                    "yaw": 0.0
                }
            },
            {
                "tick": 24,
                "easing": "LINEAR",
                "turn": 0,
                "torso": {
                    "yaw": 0.0
                }
            },
            {
                "tick": 25,
                "easing": "LINEAR",
                "turn": 0,
                "torso": {
                    "yaw": 0.0
                }
            },
            {
                "tick": 26,
                "easing": "LINEAR",
                "turn": 0,
                "torso": {
                    "yaw": 0.0
                }
            },
            {
                "tick": 27,
                "easing": "LINEAR",
                "turn": 0,
                "torso": {
                    "yaw": 0.0
                }
            },
            {
                "tick": 28,
                "easing": "LINEAR",
                "turn": 0,
                "torso": {
                    "yaw": 0.0
                }
            },
            {
                "tick": 29,
                "easing": "LINEAR",
                "turn": 0,
                "torso": {
                    "yaw": 0.0
                }
            },
            {
                "tick": 30,
                "easing": "LINEAR",
                "turn": 0,
                "torso": {
                    "yaw": 0.0
                }
            },
            {
                "tick": 31,
                "easing": "LINEAR",
                "turn": 0,
                "torso": {
                    "yaw": 0.0
                }
            },
            {
                "tick": 32,
                "easing": "LINEAR",
                "turn": 0,
                "torso": {
                    "yaw": 0.0
                }
            },
            {
                "tick": 33,
                "easing": "LINEAR",
                "turn": 0,
                "torso": {
                    "yaw": 0.0
                }
            },
            {
                "tick": 1,
                "easing": "LINEAR",
                "turn": 0,
                "torso": {
                    "roll": 0.0
                }
            },
            {
                "tick": 2,
                "easing": "LINEAR",
                "turn": 0,
                "torso": {
                    "roll": 0.0
                }
            },
            {
                "tick": 3,
                "easing": "LINEAR",
                "turn": 0,
                "torso": {
                    "roll": 0.0
                }
            },
            {
                "tick": 4,
                "easing": "LINEAR",
                "turn": 0,
                "torso": {
                    "roll": 0.0
                }
            },
            {
                "tick": 5,
                "easing": "LINEAR",
                "turn": 0,
                "torso": {
                    "roll": 0.0
                }
            },
            {
                "tick": 6,
                "easing": "LINEAR",
                "turn": 0,
                "torso": {
                    "roll": 0.0
                }
            },
            {
                "tick": 7,
                "easing": "LINEAR",
                "turn": 0,
                "torso": {
                    "roll": 0.0
                }
            },
            {
                "tick": 8,
                "easing": "LINEAR",
                "turn": 0,
                "torso": {
                    "roll": 0.0
                }
            },
            {
                "tick": 9,
                "easing": "LINEAR",
                "turn": 0,
                "torso": {
                    "roll": 0.0
                }
            },
            {
                "tick": 10,
                "easing": "LINEAR",
                "turn": 0,
                "torso": {
                    "roll": 0.0
                }
            },
            {
                "tick": 11,
                "easing": "LINEAR",
                "turn": 0,
                "torso": {
                    "roll": 0.0
                }
            },
            {
                "tick": 12,
                "easing": "LINEAR",
                "turn": 0,
                "torso": {
                    "roll": 0.0
                }
            },
            {
                "tick": 13,
                "easing": "LINEAR",
                "turn": 0,
                "torso": {
                    "roll": 0.0
                }
            },
            {
                "tick": 14,
                "easing": "LINEAR",
                "turn": 0,
                "torso": {
                    "roll": 0.0
                }
            },
            {
                "tick": 15,
                "easing": "LINEAR",
                "turn": 0,
                "torso": {
                    "roll": 0.0
                }
            },
            {
                "tick": 16,
                "easing": "LINEAR",
                "turn": 0,
                "torso": {
                    "roll": 0.0
                }
            },
            {
                "tick": 17,
                "easing": "LINEAR",
                "turn": 0,
                "torso": {
                    "roll": 0.0
                }
            },
            {
                "tick": 18,
                "easing": "LINEAR",
                "turn": 0,
                "torso": {
                    "roll": 0.0
                }
            },
            {
                "tick": 19,
                "easing": "LINEAR",
                "turn": 0,
                "torso": {
                    "roll": 0.0
                }
            },
            {
                "tick": 20,
                "easing": "LINEAR",
                "turn": 0,
                "torso": {
                    "roll": 0.0
                }
            },
            {
                "tick": 21,
                "easing": "LINEAR",
                "turn": 0,
                "torso": {
                    "roll": 0.0
                }
            },
            {
                "tick": 22,
                "easing": "LINEAR",
                "turn": 0,
                "torso": {
                    "roll": 0.0
                }
            },
            {
                "tick": 23,
                "easing": "LINEAR",
                "turn": 0,
                "torso": {
                    "roll": 0.0
                }
            },
            {
                "tick": 24,
                "easing": "LINEAR",
                "turn": 0,
                "torso": {
                    "roll": 0.0
                }
            },
            {
                "tick": 25,
                "easing": "LINEAR",
                "turn": 0,
                "torso": {
                    "roll": 0.0
                }
            },
            {
                "tick": 26,
                "easing": "LINEAR",
                "turn": 0,
                "torso": {
                    "roll": 0.0
                }
            },
            {
                "tick": 27,
                "easing": "LINEAR",
                "turn": 0,
                "torso": {
                    "roll": 0.0
                }
            },
            {
                "tick": 28,
                "easing": "LINEAR",
                "turn": 0,
                "torso": {
                    "roll": 0.0
                }
            },
            {
                "tick": 29,
                "easing": "LINEAR",
                "turn": 0,
                "torso": {
                    "roll": 0.0
                }
            },
            {
                "tick": 30,
                "easing": "LINEAR",
                "turn": 0,
                "torso": {
                    "roll": 0.0
                }
            },
            {
                "tick": 31,
                "easing": "LINEAR",
                "turn": 0,
                "torso": {
                    "roll": 0.0
                }
            },
            {
                "tick": 32,
                "easing": "LINEAR",
                "turn": 0,
                "torso": {
                    "roll": 0.0
                }
            },
            {
                "tick": 33,
                "easing": "LINEAR",
                "turn": 0,
                "torso": {
                    "roll": 0.0
                }
            },
            {
                "tick": 1,
                "easing": "LINEAR",
                "turn": 0,
                "torso": {
                    "pitch": 0.005792065057903528
                }
            },
            {
                "tick": 2,
                "easing": "LINEAR",
                "turn": 0,
                "torso": {
                    "pitch": 0.019603915512561798
                }
            },
            {
                "tick": 3,
                "easing": "LINEAR",
                "turn": 0,
                "torso": {
                    "pitch": 0.03608902543783188
                }
            },
            {
                "tick": 4,
                "easing": "LINEAR",
                "turn": 0,
                "torso": {
                    "pitch": 0.04990087077021599
                }
            },
            {
                "tick": 5,
                "easing": "LINEAR",
                "turn": 0,
                "torso": {
                    "pitch": 0.055692944675683975
                }
            },
            {
                "tick": 6,
                "easing": "LINEAR",
                "turn": 0,
                "torso": {
                    "pitch": 0.04849126935005188
                }
            },
            {
                "tick": 7,
                "easing": "LINEAR",
                "turn": 0,
                "torso": {
                    "pitch": 0.02411448024213314
                }
            },
            {
                "tick": 8,
                "easing": "LINEAR",
                "turn": 0,
                "torso": {
                    "pitch": -0.021595073863863945
                }
            },
            {
                "tick": 9,
                "easing": "LINEAR",
                "turn": 0,
                "torso": {
                    "pitch": -0.09279502183198929
                }
            },
            {
                "tick": 10,
                "easing": "LINEAR",
                "turn": 0,
                "torso": {
                    "pitch": -0.1936430186033249
                }
            },
            {
                "tick": 11,
                "easing": "LINEAR",
                "turn": 0,
                "torso": {
                    "pitch": -0.3282966911792755
                }
            },
            {
                "tick": 12,
                "easing": "LINEAR",
                "turn": 0,
                "torso": {
                    "pitch": -0.500913679599762
                }
            },
            {
                "tick": 13,
                "easing": "LINEAR",
                "turn": 0,
                "torso": {
                    "pitch": -0.7156516313552856
                }
            },
            {
                "tick": 14,
                "easing": "LINEAR",
                "turn": 0,
                "torso": {
                    "pitch": -0.9691164493560791
                }
            },
            {
                "tick": 15,
                "easing": "LINEAR",
                "turn": 0,
                "torso": {
                    "pitch": -1.2277073860168457
                }
            },
            {
                "tick": 16,
                "easing": "LINEAR",
                "turn": 0,
                "torso": {
                    "pitch": -1.4553396701812744
                }
            },
            {
                "tick": 17,
                "easing": "LINEAR",
                "turn": 0,
                "torso": {
                    "pitch": -1.63620126247406
                }
            },
            {
                "tick": 18,
                "easing": "LINEAR",
                "turn": 0,
                "torso": {
                    "pitch": -1.7580996751785278
                }
            },
            {
                "tick": 19,
                "easing": "LINEAR",
                "turn": 0,
                "torso": {
                    "pitch": -1.8030508756637573
                }
            },
            {
                "tick": 20,
                "easing": "LINEAR",
                "turn": 0,
                "torso": {
                    "pitch": -1.7624248266220093
                }
            },
            {
                "tick": 21,
                "easing": "LINEAR",
                "turn": 0,
                "torso": {
                    "pitch": -1.6684610843658447
                }
            },
            {
                "tick": 22,
                "easing": "LINEAR",
                "turn": 0,
                "torso": {
                    "pitch": -1.5630308389663696
                }
            },
            {
                "tick": 23,
                "easing": "LINEAR",
                "turn": 0,
                "torso": {
                    "pitch": -1.4880058765411377
                }
            },
            {
                "tick": 24,
                "easing": "LINEAR",
                "turn": 0,
                "torso": {
                    "pitch": -1.4557301998138428
                }
            },
            {
                "tick": 25,
                "easing": "LINEAR",
                "turn": 0,
                "torso": {
                    "pitch": -1.443839192390442
                }
            },
            {
                "tick": 26,
                "easing": "LINEAR",
                "turn": 0,
                "torso": {
                    "pitch": -1.4421404600143433
                }
            },
            {
                "tick": 27,
                "easing": "LINEAR",
                "turn": 0,
                "torso": {
                    "pitch": -1.4680551290512085
                }
            },
            {
                "tick": 28,
                "easing": "LINEAR",
                "turn": 0,
                "torso": {
                    "pitch": -1.5161824226379395
                }
            },
            {
                "tick": 29,
                "easing": "LINEAR",
                "turn": 0,
                "torso": {
                    "pitch": -1.5420970916748047
                }
            },
            {
                "tick": 30,
                "easing": "LINEAR",
                "turn": 0,
                "torso": {
                    "pitch": -1.5420970916748047
                }
            },
            {
                "tick": 31,
                "easing": "LINEAR",
                "turn": 0,
                "torso": {
                    "pitch": -1.5420970916748047
                }
            },
            {
                "tick": 32,
                "easing": "LINEAR",
                "turn": 0,
                "torso": {
                    "pitch": -1.5420970916748047
                }
            },
            {
                "tick": 33,
                "easing": "LINEAR",
                "turn": 0,
                "torso": {
                    "pitch": -1.5420970916748047
                }
            },
            {
                "tick": 1,
                "easing": "LINEAR",
                "turn": 0,
                "torso": {
                    "y": 0.0
                }
            },
            {
                "tick": 2,
                "easing": "LINEAR",
                "turn": 0,
                "torso": {
                    "y": 0.0
                }
            },
            {
                "tick": 3,
                "easing": "LINEAR",
                "turn": 0,
                "torso": {
                    "y": 0.0
                }
            },
            {
                "tick": 4,
                "easing": "LINEAR",
                "turn": 0,
                "torso": {
                    "y": 0.0
                }
            },
            {
                "tick": 5,
                "easing": "LINEAR",
                "turn": 0,
                "torso": {
                    "y": 0.0
                }
            },
            {
                "tick": 6,
                "easing": "LINEAR",
                "turn": 0,
                "torso": {
                    "y": -0.0003122856141999364
                }
            },
            {
                "tick": 7,
                "easing": "LINEAR",
                "turn": 0,
                "torso": {
                    "y": -0.002498284913599491
                }
            },
            {
                "tick": 8,
                "easing": "LINEAR",
                "turn": 0,
                "torso": {
                    "y": -0.008431713096797466
                }
            },
            {
                "tick": 9,
                "easing": "LINEAR",
                "turn": 0,
                "torso": {
                    "y": -0.019986283034086227
                }
            },
            {
                "tick": 10,
                "easing": "LINEAR",
                "turn": 0,
                "torso": {
                    "y": -0.03903570771217346
                }
            },
            {
                "tick": 11,
                "easing": "LINEAR",
                "turn": 0,
                "torso": {
                    "y": -0.06745370477437973
                }
            },
            {
                "tick": 12,
                "easing": "LINEAR",
                "turn": 0,
                "torso": {
                    "y": -0.10711398720741272
                }
            },
            {
                "tick": 13,
                "easing": "LINEAR",
                "turn": 0,
                "torso": {
                    "y": -0.15989026427268982
                }
            },
            {
                "tick": 14,
                "easing": "LINEAR",
                "turn": 0,
                "torso": {
                    "y": -0.2633374333381653
                }
            },
            {
                "tick": 15,
                "easing": "LINEAR",
                "turn": 0,
                "torso": {
                    "y": -0.3842969536781311
                }
            },
            {
                "tick": 16,
                "easing": "LINEAR",
                "turn": 0,
                "torso": {
                    "y": -0.44247061014175415
                }
            },
            {
                "tick": 17,
                "easing": "LINEAR",
                "turn": 0,
                "torso": {
                    "y": -0.45315247774124146
                }
            },
            {
                "tick": 18,
                "easing": "LINEAR",
                "turn": 0,
                "torso": {
                    "y": -0.36962372064590454
                }
            },
            {
                "tick": 19,
                "easing": "LINEAR",
                "turn": 0,
                "torso": {
                    "y": -0.2860949635505676
                }
            },
            {
                "tick": 20,
                "easing": "LINEAR",
                "turn": 0,
                "torso": {
                    "y": -0.3282083570957184
                }
            },
            {
                "tick": 21,
                "easing": "LINEAR",
                "turn": 0,
                "torso": {
                    "y": -0.42085790634155273
                }
            },
            {
                "tick": 22,
                "easing": "LINEAR",
                "turn": 0,
                "torso": {
                    "y": -0.5135074257850647
                }
            },
            {
                "tick": 23,
                "easing": "LINEAR",
                "turn": 0,
                "torso": {
                    "y": -0.5556207895278931
                }
            },
            {
                "tick": 24,
                "easing": "LINEAR",
                "turn": 0,
                "torso": {
                    "y": -0.5519566535949707
                }
            },
            {
                "tick": 25,
                "easing": "LINEAR",
                "turn": 0,
                "torso": {
                    "y": -0.5451518297195435
                }
            },
            {
                "tick": 26,
                "easing": "LINEAR",
                "turn": 0,
                "torso": {
                    "y": -0.5414877533912659
                }
            },
            {
                "tick": 27,
                "easing": "LINEAR",
                "turn": 0,
                "torso": {
                    "y": -0.5579736828804016
                }
            },
            {
                "tick": 28,
                "easing": "LINEAR",
                "turn": 0,
                "torso": {
                    "y": -0.5885903835296631
                }
            },
            {
                "tick": 29,
                "easing": "LINEAR",
                "turn": 0,
                "torso": {
                    "y": -0.6050763130187988
                }
            },
            {
                "tick": 30,
                "easing": "LINEAR",
                "turn": 0,
                "torso": {
                    "y": -0.6014164090156555
                }
            },
            {
                "tick": 31,
                "easing": "LINEAR",
                "turn": 0,
                "torso": {
                    "y": -0.5946194529533386
                }
            },
            {
                "tick": 32,
                "easing": "LINEAR",
                "turn": 0,
                "torso": {
                    "y": -0.5909595489501953
                }
            },
            {
                "tick": 33,
                "easing": "LINEAR",
                "turn": 0,
                "torso": {
                    "y": -0.5909595489501953
                }
            },
            {
                "tick": 1,
                "easing": "LINEAR",
                "turn": 0,
                "torso": {
                    "x": 0.0
                }
            },
            {
                "tick": 2,
                "easing": "LINEAR",
                "turn": 0,
                "torso": {
                    "x": 0.0
                }
            },
            {
                "tick": 3,
                "easing": "LINEAR",
                "turn": 0,
                "torso": {
                    "x": 0.0
                }
            },
            {
                "tick": 4,
                "easing": "LINEAR",
                "turn": 0,
                "torso": {
                    "x": 0.0
                }
            },
            {
                "tick": 5,
                "easing": "LINEAR",
                "turn": 0,
                "torso": {
                    "x": 0.0
                }
            },
            {
                "tick": 6,
                "easing": "LINEAR",
                "turn": 0,
                "torso": {
                    "x": 0.0
                }
            },
            {
                "tick": 7,
                "easing": "LINEAR",
                "turn": 0,
                "torso": {
                    "x": 0.0
                }
            },
            {
                "tick": 8,
                "easing": "LINEAR",
                "turn": 0,
                "torso": {
                    "x": 0.0
                }
            },
            {
                "tick": 9,
                "easing": "LINEAR",
                "turn": 0,
                "torso": {
                    "x": 0.0
                }
            },
            {
                "tick": 10,
                "easing": "LINEAR",
                "turn": 0,
                "torso": {
                    "x": 0.0
                }
            },
            {
                "tick": 11,
                "easing": "LINEAR",
                "turn": 0,
                "torso": {
                    "x": 0.0
                }
            },
            {
                "tick": 12,
                "easing": "LINEAR",
                "turn": 0,
                "torso": {
                    "x": 0.0
                }
            },
            {
                "tick": 13,
                "easing": "LINEAR",
                "turn": 0,
                "torso": {
                    "x": 0.0
                }
            },
            {
                "tick": 14,
                "easing": "LINEAR",
                "turn": 0,
                "torso": {
                    "x": 0.0
                }
            },
            {
                "tick": 15,
                "easing": "LINEAR",
                "turn": 0,
                "torso": {
                    "x": 0.0
                }
            },
            {
                "tick": 16,
                "easing": "LINEAR",
                "turn": 0,
                "torso": {
                    "x": 0.0
                }
            },
            {
                "tick": 17,
                "easing": "LINEAR",
                "turn": 0,
                "torso": {
                    "x": 0.0
                }
            },
            {
                "tick": 18,
                "easing": "LINEAR",
                "turn": 0,
                "torso": {
                    "x": 0.0
                }
            },
            {
                "tick": 19,
                "easing": "LINEAR",
                "turn": 0,
                "torso": {
                    "x": 0.0
                }
            },
            {
                "tick": 20,
                "easing": "LINEAR",
                "turn": 0,
                "torso": {
                    "x": 0.0
                }
            },
            {
                "tick": 21,
                "easing": "LINEAR",
                "turn": 0,
                "torso": {
                    "x": 0.0
                }
            },
            {
                "tick": 22,
                "easing": "LINEAR",
                "turn": 0,
                "torso": {
                    "x": 0.0
                }
            },
            {
                "tick": 23,
                "easing": "LINEAR",
                "turn": 0,
                "torso": {
                    "x": 0.0
                }
            },
            {
                "tick": 24,
                "easing": "LINEAR",
                "turn": 0,
                "torso": {
                    "x": 0.0
                }
            },
            {
                "tick": 25,
                "easing": "LINEAR",
                "turn": 0,
                "torso": {
                    "x": 0.0
                }
            },
            {
                "tick": 26,
                "easing": "LINEAR",
                "turn": 0,
                "torso": {
                    "x": 0.0
                }
            },
            {
                "tick": 27,
                "easing": "LINEAR",
                "turn": 0,
                "torso": {
                    "x": 0.0
                }
            },
            {
                "tick": 28,
                "easing": "LINEAR",
                "turn": 0,
                "torso": {
                    "x": 0.0
                }
            },
            {
                "tick": 29,
                "easing": "LINEAR",
                "turn": 0,
                "torso": {
                    "x": 0.0
                }
            },
            {
                "tick": 30,
                "easing": "LINEAR",
                "turn": 0,
                "torso": {
                    "x": 0.0
                }
            },
            {
                "tick": 31,
                "easing": "LINEAR",
                "turn": 0,
                "torso": {
                    "x": 0.0
                }
            },
            {
                "tick": 32,
                "easing": "LINEAR",
                "turn": 0,
                "torso": {
                    "x": 0.0
                }
            },
            {
                "tick": 33,
                "easing": "LINEAR",
                "turn": 0,
                "torso": {
                    "x": 0.0
                }
            },
            {
                "tick": 1,
                "easing": "LINEAR",
                "turn": 0,
                "torso": {
                    "z": 0.004448798485100269
                }
            },
            {
                "tick": 2,
                "easing": "LINEAR",
                "turn": 0,
                "torso": {
                    "z": 0.015057472512125969
                }
            },
            {
                "tick": 3,
                "easing": "LINEAR",
                "turn": 0,
                "torso": {
                    "z": 0.027719438076019287
                }
            },
            {
                "tick": 4,
                "easing": "LINEAR",
                "turn": 0,
                "torso": {
                    "z": 0.03832811117172241
                }
            },
            {
                "tick": 5,
                "easing": "LINEAR",
                "turn": 0,
                "torso": {
                    "z": 0.042776916176080704
                }
            },
            {
                "tick": 6,
                "easing": "LINEAR",
                "turn": 0,
                "torso": {
                    "z": 0.041029591113328934
                }
            },
            {
                "tick": 7,
                "easing": "LINEAR",
                "turn": 0,
                "torso": {
                    "z": 0.03540458157658577
                }
            },
            {
                "tick": 8,
                "easing": "LINEAR",
                "turn": 0,
                "torso": {
                    "z": 0.02532731369137764
                }
            },
            {
                "tick": 9,
                "easing": "LINEAR",
                "turn": 0,
                "torso": {
                    "z": 0.010223228484392166
                }
            },
            {
                "tick": 10,
                "easing": "LINEAR",
                "turn": 0,
                "torso": {
                    "z": -0.010482237674295902
                }
            },
            {
                "tick": 11,
                "easing": "LINEAR",
                "turn": 0,
                "torso": {
                    "z": -0.037363648414611816
                }
            },
            {
                "tick": 12,
                "easing": "LINEAR",
                "turn": 0,
                "torso": {
                    "z": -0.07099556922912598
                }
            },
            {
                "tick": 13,
                "easing": "LINEAR",
                "turn": 0,
                "torso": {
                    "z": -0.11195257306098938
                }
            },
            {
                "tick": 14,
                "easing": "LINEAR",
                "turn": 0,
                "torso": {
                    "z": -0.1595105081796646
                }
            },
            {
                "tick": 15,
                "easing": "LINEAR",
                "turn": 0,
                "torso": {
                    "z": -0.2077503204345703
                }
            },
            {
                "tick": 16,
                "easing": "LINEAR",
                "turn": 0,
                "torso": {
                    "z": -0.2503003478050232
                }
            },
            {
                "tick": 17,
                "easing": "LINEAR",
                "turn": 0,
                "torso": {
                    "z": -0.28417325019836426
                }
            },
            {
                "tick": 18,
                "easing": "LINEAR",
                "turn": 0,
                "torso": {
                    "z": -0.30698588490486145
                }
            },
            {
                "tick": 19,
                "easing": "LINEAR",
                "turn": 0,
                "torso": {
                    "z": -0.3153882324695587
                }
            },
            {
                "tick": 20,
                "easing": "LINEAR",
                "turn": 0,
                "torso": {
                    "z": -0.31092289090156555
                }
            },
            {
                "tick": 21,
                "easing": "LINEAR",
                "turn": 0,
                "torso": {
                    "z": -0.30109918117523193
                }
            },
            {
                "tick": 22,
                "easing": "LINEAR",
                "turn": 0,
                "torso": {
                    "z": -0.2912754714488983
                }
            },
            {
                "tick": 23,
                "easing": "LINEAR",
                "turn": 0,
                "torso": {
                    "z": -0.28681012988090515
                }
            },
            {
                "tick": 24,
                "easing": "LINEAR",
                "turn": 0,
                "torso": {
                    "z": -0.28681012988090515
                }
            },
            {
                "tick": 25,
                "easing": "LINEAR",
                "turn": 0,
                "torso": {
                    "z": -0.28681012988090515
                }
            },
            {
                "tick": 26,
                "easing": "LINEAR",
                "turn": 0,
                "torso": {
                    "z": -0.28681012988090515
                }
            },
            {
                "tick": 27,
                "easing": "LINEAR",
                "turn": 0,
                "torso": {
                    "z": -0.28681012988090515
                }
            },
            {
                "tick": 28,
                "easing": "LINEAR",
                "turn": 0,
                "torso": {
                    "z": -0.28681012988090515
                }
            },
            {
                "tick": 29,
                "easing": "LINEAR",
                "turn": 0,
                "torso": {
                    "z": -0.28681012988090515
                }
            },
            {
                "tick": 30,
                "easing": "LINEAR",
                "turn": 0,
                "torso": {
                    "z": -0.28681012988090515
                }
            },
            {
                "tick": 31,
                "easing": "LINEAR",
                "turn": 0,
                "torso": {
                    "z": -0.28681012988090515
                }
            },
            {
                "tick": 32,
                "easing": "LINEAR",
                "turn": 0,
                "torso": {
                    "z": -0.28681012988090515
                }
            },
            {
                "tick": 33,
                "easing": "LINEAR",
                "turn": 0,
                "torso": {
                    "z": -0.28681012988090515
                }
            },
            {
                "tick": 33,
                "easing": "EASEINOUTQUAD",
                "turn": 0,
                "rightArm": {
                    "yaw": -0.0
                }
            },
            {
                "tick": 33,
                "easing": "EASEINOUTQUAD",
                "turn": 0,
                "rightArm": {
                    "roll": -0.0
                }
            },
            {
                "tick": 33,
                "easing": "EASEINOUTQUAD",
                "turn": 0,
                "rightArm": {
                    "y": 2.0
                }
            },
            {
                "tick": 33,
                "easing": "EASEINOUTQUAD",
                "turn": 0,
                "rightArm": {
                    "z": -0.0
                }
            },
            {
                "tick": 33,
                "easing": "EASEINOUTQUAD",
                "turn": 0,
                "rightArm": {
                    "x": -5.0
                }
            },
            {
                "tick": 33,
                "easing": "EASEINOUTQUAD",
                "turn": 0,
                "rightArm": {
                    "pitch": -0.0
                }
            },
            {
                "tick": 33,
                "easing": "EASEINOUTQUAD",
                "turn": 0,
                "leftArm": {
                    "roll": 0.0
                }
            },
            {
                "tick": 33,
                "easing": "EASEINOUTQUAD",
                "turn": 0,
                "leftArm": {
                    "yaw": -0.0
                }
            },
            {
                "tick": 33,
                "easing": "EASEINOUTQUAD",
                "turn": 0,
                "leftArm": {
                    "pitch": 0.0
                }
            },
            {
                "tick": 33,
                "easing": "EASEINOUTQUAD",
                "turn": 0,
                "leftArm": {
                    "y": 2.0
                }
            },
            {
                "tick": 33,
                "easing": "EASEINOUTQUAD",
                "turn": 0,
                "leftArm": {
                    "z": -0.0
                }
            },
            {
                "tick": 33,
                "easing": "EASEINOUTQUAD",
                "turn": 0,
                "leftArm": {
                    "x": 5.0
                }
            },
            {
                "tick": 33,
                "easing": "EASEINOUTQUAD",
                "turn": 0,
                "rightLeg": {
                    "yaw": -0.0
                }
            },
            {
                "tick": 33,
                "easing": "EASEINOUTQUAD",
                "turn": 0,
                "rightLeg": {
                    "roll": -0.0
                }
            },
            {
                "tick": 33,
                "easing": "EASEINOUTQUAD",
                "turn": 0,
                "rightLeg": {
                    "pitch": -0.0
                }
            },
            {
                "tick": 33,
                "easing": "EASEINOUTQUAD",
                "turn": 0,
                "rightLeg": {
                    "x": -1.9
                }
            },
            {
                "tick": 33,
                "easing": "EASEINOUTQUAD",
                "turn": 0,
                "rightLeg": {
                    "y": 12.0
                }
            },
            {
                "tick": 33,
                "easing": "EASEINOUTQUAD",
                "turn": 0,
                "rightLeg": {
                    "z": 0.1
                }
            },
            {
                "tick": 33,
                "easing": "EASEINOUTQUAD",
                "turn": 0,
                "leftLeg": {
                    "yaw": -0.0
                }
            },
            {
                "tick": 33,
                "easing": "EASEINOUTQUAD",
                "turn": 0,
                "leftLeg": {
                    "roll": 0.0
                }
            },
            {
                "tick": 33,
                "easing": "EASEINOUTQUAD",
                "turn": 0,
                "leftLeg": {
                    "pitch": -0.0
                }
            },
            {
                "tick": 33,
                "easing": "EASEINOUTQUAD",
                "turn": 0,
                "leftLeg": {
                    "y": 12.0
                }
            },
            {
                "tick": 33,
                "easing": "EASEINOUTQUAD",
                "turn": 0,
                "leftLeg": {
                    "z": -0.1
                }
            },
            {
                "tick": 33,
                "easing": "EASEINOUTQUAD",
                "turn": 0,
                "leftLeg": {
                    "x": 1.9
                }
            }
        ]
    }
}