{
    "name": {
        "translate": "spemotes.emote.name.SPE_Cough",
        "fallback": "Покашлять"
    },
    "author": "SPEmotes",
    "description": {
        "translate": "spemotes.emote.description.SPE_Cough",
        "fallback": "Кхе-кхе, не мешаю?"
    },
    "emote": {
        "isLoop": "false",
        "returnTick": 2,
        "beginTick": 0,
        "endTick": 28,
        "stopTick": 29,
        "degrees": false,
        "moves": [
            {
                "tick": 1,
                "easing": "LINEAR",
                "turn": 0,
                "head": {
                    "y": 0.18181800842285156
                }
            },
            {
                "tick": 2,
                "easing": "LINEAR",
                "turn": 0,
                "head": {
                    "y": 0.18181800842285156
                }
            },
            {
                "tick": 3,
                "easing": "LINEAR",
                "turn": 0,
                "head": {
                    "y": 0.18181800842285156
                }
            },
            {
                "tick": 4,
                "easing": "LINEAR",
                "turn": 0,
                "head": {
                    "y": 0.18181800842285156
                }
            },
            {
                "tick": 5,
                "easing": "LINEAR",
                "turn": 0,
                "head": {
                    "y": 0.18181800842285156
                }
            },
            {
                "tick": 6,
                "easing": "LINEAR",
                "turn": 0,
                "head": {
                    "y": 0.18181800842285156
                }
            },
            {
                "tick": 7,
                "easing": "LINEAR",
                "turn": 0,
                "head": {
                    "y": 0.18181800842285156
                }
            },
            {
                "tick": 8,
                "easing": "LINEAR",
                "turn": 0,
                "head": {
                    "y": 0.18181800842285156
                }
            },
            {
                "tick": 9,
                "easing": "LINEAR",
                "turn": 0,
                "head": {
                    "y": 0.18181800842285156
                }
            },
            {
                "tick": 10,
                "easing": "LINEAR",
                "turn": 0,
                "head": {
                    "y": 0.18181800842285156
                }
            },
            {
                "tick": 11,
                "easing": "LINEAR",
                "turn": 0,
                "head": {
                    "y": 0.18181800842285156
                }
            },
            {
                "tick": 12,
                "easing": "LINEAR",
                "turn": 0,
                "head": {
                    "y": 0.18181800842285156
                }
            },
            {
                "tick": 13,
                "easing": "LINEAR",
                "turn": 0,
                "head": {
                    "y": 0.18181800842285156
                }
            },
            {
                "tick": 14,
                "easing": "LINEAR",
                "turn": 0,
                "head": {
                    "y": 0.18181800842285156
                }
            },
            {
                "tick": 15,
                "easing": "LINEAR",
                "turn": 0,
                "head": {
                    "y": 0.18181800842285156
                }
            },
            {
                "tick": 16,
                "easing": "LINEAR",
                "turn": 0,
                "head": {
                    "y": 0.18181800842285156
                }
            },
            {
                "tick": 17,
                "easing": "LINEAR",
                "turn": 0,
                "head": {
                    "y": 0.18181800842285156
                }
            },
            {
                "tick": 18,
                "easing": "LINEAR",
                "turn": 0,
                "head": {
                    "y": 0.18181800842285156
                }
            },
            {
                "tick": 19,
                "easing": "LINEAR",
                "turn": 0,
                "head": {
                    "y": 0.18181800842285156
                }
            },
            {
                "tick": 20,
                "easing": "LINEAR",
                "turn": 0,
                "head": {
                    "y": 0.18181800842285156
                }
            },
            {
                "tick": 21,
                "easing": "LINEAR",
                "turn": 0,
                "head": {
                    "y": 0.18181800842285156
                }
            },
            {
                "tick": 22,
                "easing": "LINEAR",
                "turn": 0,
                "head": {
                    "y": 0.18181800842285156
                }
            },
            {
                "tick": 23,
                "easing": "LINEAR",
                "turn": 0,
                "head": {
                    "y": 0.18181800842285156
                }
            },
            {
                "tick": 24,
                "easing": "LINEAR",
                "turn": 0,
                "head": {
                    "y": 0.18181800842285156
                }
            },
            {
                "tick": 25,
                "easing": "LINEAR",
                "turn": 0,
                "head": {
                    "y": 0.18181800842285156
                }
            },
            {
                "tick": 26,
                "easing": "LINEAR",
                "turn": 0,
                "head": {
                    "y": 0.18181800842285156
                }
            },
            {
                "tick": 27,
                "easing": "LINEAR",
                "turn": 0,
                "head": {
                    "y": 0.18181800842285156
                }
            },
            {
                "tick": 28,
                "easing": "LINEAR",
                "turn": 0,
                "head": {
                    "y": 0.18181800842285156
                }
            },
            {
                "tick": 1,
                "easing": "LINEAR",
                "turn": 0,
                "head": {
                    "z": -0.0
                }
            },
            {
                "tick": 2,
                "easing": "LINEAR",
                "turn": 0,
                "head": {
                    "z": -0.0
                }
            },
            {
                "tick": 3,
                "easing": "LINEAR",
                "turn": 0,
                "head": {
                    "z": -0.0
                }
            },
            {
                "tick": 4,
                "easing": "LINEAR",
                "turn": 0,
                "head": {
                    "z": -0.0
                }
            },
            {
                "tick": 5,
                "easing": "LINEAR",
                "turn": 0,
                "head": {
                    "z": -0.0
                }
            },
            {
                "tick": 6,
                "easing": "LINEAR",
                "turn": 0,
                "head": {
                    "z": -0.0
                }
            },
            {
                "tick": 7,
                "easing": "LINEAR",
                "turn": 0,
                "head": {
                    "z": -0.0
                }
            },
            {
                "tick": 8,
                "easing": "LINEAR",
                "turn": 0,
                "head": {
                    "z": -0.0
                }
            },
            {
                "tick": 9,
                "easing": "LINEAR",
                "turn": 0,
                "head": {
                    "z": -0.0
                }
            },
            {
                "tick": 10,
                "easing": "LINEAR",
                "turn": 0,
                "head": {
                    "z": -0.0
                }
            },
            {
                "tick": 11,
                "easing": "LINEAR",
                "turn": 0,
                "head": {
                    "z": -0.0
                }
            },
            {
                "tick": 12,
                "easing": "LINEAR",
                "turn": 0,
                "head": {
                    "z": -0.0
                }
            },
            {
                "tick": 13,
                "easing": "LINEAR",
                "turn": 0,
                "head": {
                    "z": -0.0
                }
            },
            {
                "tick": 14,
                "easing": "LINEAR",
                "turn": 0,
                "head": {
                    "z": -0.0
                }
            },
            {
                "tick": 15,
                "easing": "LINEAR",
                "turn": 0,
                "head": {
                    "z": -0.0
                }
            },
            {
                "tick": 16,
                "easing": "LINEAR",
                "turn": 0,
                "head": {
                    "z": -0.0
                }
            },
            {
                "tick": 17,
                "easing": "LINEAR",
                "turn": 0,
                "head": {
                    "z": -0.0
                }
            },
            {
                "tick": 18,
                "easing": "LINEAR",
                "turn": 0,
                "head": {
                    "z": -0.0
                }
            },
            {
                "tick": 19,
                "easing": "LINEAR",
                "turn": 0,
                "head": {
                    "z": -0.0
                }
            },
            {
                "tick": 20,
                "easing": "LINEAR",
                "turn": 0,
                "head": {
                    "z": -0.0
                }
            },
            {
                "tick": 21,
                "easing": "LINEAR",
                "turn": 0,
                "head": {
                    "z": -0.0
                }
            },
            {
                "tick": 22,
                "easing": "LINEAR",
                "turn": 0,
                "head": {
                    "z": -0.0
                }
            },
            {
                "tick": 23,
                "easing": "LINEAR",
                "turn": 0,
                "head": {
                    "z": -0.0
                }
            },
            {
                "tick": 24,
                "easing": "LINEAR",
                "turn": 0,
                "head": {
                    "z": -0.0
                }
            },
            {
                "tick": 25,
                "easing": "LINEAR",
                "turn": 0,
                "head": {
                    "z": -0.0
                }
            },
            {
                "tick": 26,
                "easing": "LINEAR",
                "turn": 0,
                "head": {
                    "z": -0.0
                }
            },
            {
                "tick": 27,
                "easing": "LINEAR",
                "turn": 0,
                "head": {
                    "z": -0.0
                }
            },
            {
                "tick": 28,
                "easing": "LINEAR",
                "turn": 0,
                "head": {
                    "z": -0.0
                }
            },
            {
                "tick": 1,
                "easing": "LINEAR",
                "turn": 0,
                "head": {
                    "x": -0.0
                }
            },
            {
                "tick": 2,
                "easing": "LINEAR",
                "turn": 0,
                "head": {
                    "x": -0.0
                }
            },
            {
                "tick": 3,
                "easing": "LINEAR",
                "turn": 0,
                "head": {
                    "x": -0.0
                }
            },
            {
                "tick": 4,
                "easing": "LINEAR",
                "turn": 0,
                "head": {
                    "x": -0.0
                }
            },
            {
                "tick": 5,
                "easing": "LINEAR",
                "turn": 0,
                "head": {
                    "x": -0.0
                }
            },
            {
                "tick": 6,
                "easing": "LINEAR",
                "turn": 0,
                "head": {
                    "x": -0.0
                }
            },
            {
                "tick": 7,
                "easing": "LINEAR",
                "turn": 0,
                "head": {
                    "x": -0.0
                }
            },
            {
                "tick": 8,
                "easing": "LINEAR",
                "turn": 0,
                "head": {
                    "x": -0.0
                }
            },
            {
                "tick": 9,
                "easing": "LINEAR",
                "turn": 0,
                "head": {
                    "x": -0.0
                }
            },
            {
                "tick": 10,
                "easing": "LINEAR",
                "turn": 0,
                "head": {
                    "x": -0.0
                }
            },
            {
                "tick": 11,
                "easing": "LINEAR",
                "turn": 0,
                "head": {
                    "x": -0.0
                }
            },
            {
                "tick": 12,
                "easing": "LINEAR",
                "turn": 0,
                "head": {
                    "x": -0.0
                }
            },
            {
                "tick": 13,
                "easing": "LINEAR",
                "turn": 0,
                "head": {
                    "x": -0.0
                }
            },
            {
                "tick": 14,
                "easing": "LINEAR",
                "turn": 0,
                "head": {
                    "x": -0.0
                }
            },
            {
                "tick": 15,
                "easing": "LINEAR",
                "turn": 0,
                "head": {
                    "x": -0.0
                }
            },
            {
                "tick": 16,
                "easing": "LINEAR",
                "turn": 0,
                "head": {
                    "x": -0.0
                }
            },
            {
                "tick": 17,
                "easing": "LINEAR",
                "turn": 0,
                "head": {
                    "x": -0.0
                }
            },
            {
                "tick": 18,
                "easing": "LINEAR",
                "turn": 0,
                "head": {
                    "x": -0.0
                }
            },
            {
                "tick": 19,
                "easing": "LINEAR",
                "turn": 0,
                "head": {
                    "x": -0.0
                }
            },
            {
                "tick": 20,
                "easing": "LINEAR",
                "turn": 0,
                "head": {
                    "x": -0.0
                }
            },
            {
                "tick": 21,
                "easing": "LINEAR",
                "turn": 0,
                "head": {
                    "x": -0.0
                }
            },
            {
                "tick": 22,
                "easing": "LINEAR",
                "turn": 0,
                "head": {
                    "x": -0.0
                }
            },
            {
                "tick": 23,
                "easing": "LINEAR",
                "turn": 0,
                "head": {
                    "x": -0.0
                }
            },
            {
                "tick": 24,
                "easing": "LINEAR",
                "turn": 0,
                "head": {
                    "x": -0.0
                }
            },
            {
                "tick": 25,
                "easing": "LINEAR",
                "turn": 0,
                "head": {
                    "x": -0.0
                }
            },
            {
                "tick": 26,
                "easing": "LINEAR",
                "turn": 0,
                "head": {
                    "x": -0.0
                }
            },
            {
                "tick": 27,
                "easing": "LINEAR",
                "turn": 0,
                "head": {
                    "x": -0.0
                }
            },
            {
                "tick": 28,
                "easing": "LINEAR",
                "turn": 0,
                "head": {
                    "x": -0.0
                }
            },
            {
                "tick": 1,
                "easing": "LINEAR",
                "turn": 0,
                "head": {
                    "yaw": 0.00823974609375
                }
            },
            {
                "tick": 2,
                "easing": "LINEAR",
                "turn": 0,
                "head": {
                    "yaw": 0.026650426909327507
                }
            },
            {
                "tick": 3,
                "easing": "LINEAR",
                "turn": 0,
                "head": {
                    "yaw": 0.04577064886689186
                }
            },
            {
                "tick": 4,
                "easing": "LINEAR",
                "turn": 0,
                "head": {
                    "yaw": 0.05613803490996361
                }
            },
            {
                "tick": 5,
                "easing": "LINEAR",
                "turn": 0,
                "head": {
                    "yaw": 0.05832481384277344
                }
            },
            {
                "tick": 6,
                "easing": "LINEAR",
                "turn": 0,
                "head": {
                    "yaw": 0.0594477653503418
                }
            },
            {
                "tick": 7,
                "easing": "LINEAR",
                "turn": 0,
                "head": {
                    "yaw": 0.059861186891794205
                }
            },
            {
                "tick": 8,
                "easing": "LINEAR",
                "turn": 0,
                "head": {
                    "yaw": 0.05992031469941139
                }
            },
            {
                "tick": 9,
                "easing": "LINEAR",
                "turn": 0,
                "head": {
                    "yaw": 0.05893993377685547
                }
            },
            {
                "tick": 10,
                "easing": "LINEAR",
                "turn": 0,
                "head": {
                    "yaw": 0.05711841210722923
                }
            },
            {
                "tick": 11,
                "easing": "LINEAR",
                "turn": 0,
                "head": {
                    "yaw": 0.05613803490996361
                }
            },
            {
                "tick": 12,
                "easing": "LINEAR",
                "turn": 0,
                "head": {
                    "yaw": 0.056531429290771484
                }
            },
            {
                "tick": 13,
                "easing": "LINEAR",
                "turn": 0,
                "head": {
                    "yaw": 0.05746936798095703
                }
            },
            {
                "tick": 14,
                "easing": "LINEAR",
                "turn": 0,
                "head": {
                    "yaw": 0.05858898162841797
                }
            },
            {
                "tick": 15,
                "easing": "LINEAR",
                "turn": 0,
                "head": {
                    "yaw": 0.059526920318603516
                }
            },
            {
                "tick": 16,
                "easing": "LINEAR",
                "turn": 0,
                "head": {
                    "yaw": 0.05992031469941139
                }
            },
            {
                "tick": 17,
                "easing": "LINEAR",
                "turn": 0,
                "head": {
                    "yaw": 0.05977487564086914
                }
            },
            {
                "tick": 18,
                "easing": "LINEAR",
                "turn": 0,
                "head": {
                    "yaw": 0.05878877267241478
                }
            },
            {
                "tick": 19,
                "easing": "LINEAR",
                "turn": 0,
                "head": {
                    "yaw": 0.05613803490996361
                }
            },
            {
                "tick": 20,
                "easing": "LINEAR",
                "turn": 0,
                "head": {
                    "yaw": 0.05124378576874733
                }
            },
            {
                "tick": 21,
                "easing": "LINEAR",
                "turn": 0,
                "head": {
                    "yaw": 0.04450702667236328
                }
            },
            {
                "tick": 22,
                "easing": "LINEAR",
                "turn": 0,
                "head": {
                    "yaw": 0.03657341003417969
                }
            },
            {
                "tick": 23,
                "easing": "LINEAR",
                "turn": 0,
                "head": {
                    "yaw": 0.028089046478271484
                }
            },
            {
                "tick": 24,
                "easing": "LINEAR",
                "turn": 0,
                "head": {
                    "yaw": 0.0196990966796875
                }
            },
            {
                "tick": 25,
                "easing": "LINEAR",
                "turn": 0,
                "head": {
                    "yaw": 0.012049674987792969
                }
            },
            {
                "tick": 26,
                "easing": "LINEAR",
                "turn": 0,
                "head": {
                    "yaw": 0.005785942077636719
                }
            },
            {
                "tick": 27,
                "easing": "LINEAR",
                "turn": 0,
                "head": {
                    "yaw": 0.0015540122985839844
                }
            },
            {
                "tick": 28,
                "easing": "LINEAR",
                "turn": 0,
                "head": {
                    "yaw": -0.0
                }
            },
            {
                "tick": 1,
                "easing": "LINEAR",
                "turn": 0,
                "head": {
                    "roll": 0.002609729766845703
                }
            },
            {
                "tick": 2,
                "easing": "LINEAR",
                "turn": 0,
                "head": {
                    "roll": 0.008351325988769531
                }
            },
            {
                "tick": 3,
                "easing": "LINEAR",
                "turn": 0,
                "head": {
                    "roll": 0.01409292221069336
                }
            },
            {
                "tick": 4,
                "easing": "LINEAR",
                "turn": 0,
                "head": {
                    "roll": 0.016702651977539062
                }
            },
            {
                "tick": 5,
                "easing": "LINEAR",
                "turn": 0,
                "head": {
                    "roll": 0.013579845428466797
                }
            },
            {
                "tick": 6,
                "easing": "LINEAR",
                "turn": 0,
                "head": {
                    "roll": 0.006709575653076172
                }
            },
            {
                "tick": 7,
                "easing": "LINEAR",
                "turn": 0,
                "head": {
                    "roll": -0.00016117095947265625
                }
            },
            {
                "tick": 8,
                "easing": "LINEAR",
                "turn": 0,
                "head": {
                    "roll": -0.0032835006713867188
                }
            },
            {
                "tick": 9,
                "easing": "LINEAR",
                "turn": 0,
                "head": {
                    "roll": 0.0018982887268066406
                }
            },
            {
                "tick": 10,
                "easing": "LINEAR",
                "turn": 0,
                "head": {
                    "roll": 0.011521339416503906
                }
            },
            {
                "tick": 11,
                "easing": "LINEAR",
                "turn": 0,
                "head": {
                    "roll": 0.016702651977539062
                }
            },
            {
                "tick": 12,
                "easing": "LINEAR",
                "turn": 0,
                "head": {
                    "roll": 0.01462411880493164
                }
            },
            {
                "tick": 13,
                "easing": "LINEAR",
                "turn": 0,
                "head": {
                    "roll": 0.009667396545410156
                }
            },
            {
                "tick": 14,
                "easing": "LINEAR",
                "turn": 0,
                "head": {
                    "roll": 0.0037517547607421875
                }
            },
            {
                "tick": 15,
                "easing": "LINEAR",
                "turn": 0,
                "head": {
                    "roll": -0.001204967382363975
                }
            },
            {
                "tick": 16,
                "easing": "LINEAR",
                "turn": 0,
                "head": {
                    "roll": -0.0032835006713867188
                }
            },
            {
                "tick": 17,
                "easing": "LINEAR",
                "turn": 0,
                "head": {
                    "roll": 0.0018982887268066406
                }
            },
            {
                "tick": 18,
                "easing": "LINEAR",
                "turn": 0,
                "head": {
                    "roll": 0.011521339416503906
                }
            },
            {
                "tick": 19,
                "easing": "LINEAR",
                "turn": 0,
                "head": {
                    "roll": 0.016702651977539062
                }
            },
            {
                "tick": 20,
                "easing": "LINEAR",
                "turn": 0,
                "head": {
                    "roll": 0.01612997241318226
                }
            },
            {
                "tick": 21,
                "easing": "LINEAR",
                "turn": 0,
                "head": {
                    "roll": 0.01459503173828125
                }
            },
            {
                "tick": 22,
                "easing": "LINEAR",
                "turn": 0,
                "head": {
                    "roll": 0.012372493743896484
                }
            },
            {
                "tick": 23,
                "easing": "LINEAR",
                "turn": 0,
                "head": {
                    "roll": 0.009737490676343441
                }
            },
            {
                "tick": 24,
                "easing": "LINEAR",
                "turn": 0,
                "head": {
                    "roll": 0.006965160369873047
                }
            },
            {
                "tick": 25,
                "easing": "LINEAR",
                "turn": 0,
                "head": {
                    "roll": 0.004330158233642578
                }
            },
            {
                "tick": 26,
                "easing": "LINEAR",
                "turn": 0,
                "head": {
                    "roll": 0.0021080970764160156
                }
            },
            {
                "tick": 27,
                "easing": "LINEAR",
                "turn": 0,
                "head": {
                    "roll": 0.0005726814270019531
                }
            },
            {
                "tick": 28,
                "easing": "LINEAR",
                "turn": 0,
                "head": {
                    "roll": 0.0
                }
            },
            {
                "tick": 1,
                "easing": "LINEAR",
                "turn": 0,
                "head": {
                    "pitch": 0.0023636817932128906
                }
            },
            {
                "tick": 2,
                "easing": "LINEAR",
                "turn": 0,
                "head": {
                    "pitch": 0.010556697845458984
                }
            },
            {
                "tick": 3,
                "easing": "LINEAR",
                "turn": 0,
                "head": {
                    "pitch": 0.026233673095703125
                }
            },
            {
                "tick": 4,
                "easing": "LINEAR",
                "turn": 0,
                "head": {
                    "pitch": 0.051047325134277344
                }
            },
            {
                "tick": 5,
                "easing": "LINEAR",
                "turn": 0,
                "head": {
                    "pitch": 0.0848541259765625
                }
            },
            {
                "tick": 6,
                "easing": "LINEAR",
                "turn": 0,
                "head": {
                    "pitch": 0.12031412124633789
                }
            },
            {
                "tick": 7,
                "easing": "LINEAR",
                "turn": 0,
                "head": {
                    "pitch": 0.14829064905643463
                }
            },
            {
                "tick": 8,
                "easing": "LINEAR",
                "turn": 0,
                "head": {
                    "pitch": 0.15964652597904205
                }
            },
            {
                "tick": 9,
                "easing": "LINEAR",
                "turn": 0,
                "head": {
                    "pitch": 0.13149070739746094
                }
            },
            {
                "tick": 10,
                "easing": "LINEAR",
                "turn": 0,
                "head": {
                    "pitch": 0.07920312881469727
                }
            },
            {
                "tick": 11,
                "easing": "LINEAR",
                "turn": 0,
                "head": {
                    "pitch": 0.051047325134277344
                }
            },
            {
                "tick": 12,
                "easing": "LINEAR",
                "turn": 0,
                "head": {
                    "pitch": 0.062342166900634766
                }
            },
            {
                "tick": 13,
                "easing": "LINEAR",
                "turn": 0,
                "head": {
                    "pitch": 0.08927439898252487
                }
            },
            {
                "tick": 14,
                "easing": "LINEAR",
                "turn": 0,
                "head": {
                    "pitch": 0.12141990661621094
                }
            },
            {
                "tick": 15,
                "easing": "LINEAR",
                "turn": 0,
                "head": {
                    "pitch": 0.14835262298583984
                }
            },
            {
                "tick": 16,
                "easing": "LINEAR",
                "turn": 0,
                "head": {
                    "pitch": 0.15964652597904205
                }
            },
            {
                "tick": 17,
                "easing": "LINEAR",
                "turn": 0,
                "head": {
                    "pitch": 0.13527251780033112
                }
            },
            {
                "tick": 18,
                "easing": "LINEAR",
                "turn": 0,
                "head": {
                    "pitch": 0.08676480501890182
                }
            },
            {
                "tick": 19,
                "easing": "LINEAR",
                "turn": 0,
                "head": {
                    "pitch": 0.051047325134277344
                }
            },
            {
                "tick": 20,
                "easing": "LINEAR",
                "turn": 0,
                "head": {
                    "pitch": 0.03585243597626686
                }
            },
            {
                "tick": 21,
                "easing": "LINEAR",
                "turn": 0,
                "head": {
                    "pitch": 0.024018768221139908
                }
            },
            {
                "tick": 22,
                "easing": "LINEAR",
                "turn": 0,
                "head": {
                    "pitch": 0.015125751495361328
                }
            },
            {
                "tick": 23,
                "easing": "LINEAR",
                "turn": 0,
                "head": {
                    "pitch": 0.008752821944653988
                }
            },
            {
                "tick": 24,
                "easing": "LINEAR",
                "turn": 0,
                "head": {
                    "pitch": 0.004482269287109375
                }
            },
            {
                "tick": 25,
                "easing": "LINEAR",
                "turn": 0,
                "head": {
                    "pitch": 0.0018906595651060343
                }
            },
            {
                "tick": 26,
                "easing": "LINEAR",
                "turn": 0,
                "head": {
                    "pitch": 0.000560283602681011
                }
            },
            {
                "tick": 27,
                "easing": "LINEAR",
                "turn": 0,
                "head": {
                    "pitch": 7.05718994140625e-05
                }
            },
            {
                "tick": 28,
                "easing": "LINEAR",
                "turn": 0,
                "head": {
                    "pitch": 0.0
                }
            },
            {
                "tick": 1,
                "easing": "LINEAR",
                "turn": 0,
                "rightArm": {
                    "yaw": -0.09383821487426758
                }
            },
            {
                "tick": 2,
                "easing": "LINEAR",
                "turn": 0,
                "rightArm": {
                    "yaw": -0.30452632904052734
                }
            },
            {
                "tick": 3,
                "easing": "LINEAR",
                "turn": 0,
                "rightArm": {
                    "yaw": -0.5258235931396484
                }
            },
            {
                "tick": 4,
                "easing": "LINEAR",
                "turn": 0,
                "rightArm": {
                    "yaw": -0.6514887809753418
                }
            },
            {
                "tick": 5,
                "easing": "LINEAR",
                "turn": 0,
                "rightArm": {
                    "yaw": -0.6758642196655273
                }
            },
            {
                "tick": 6,
                "easing": "LINEAR",
                "turn": 0,
                "rightArm": {
                    "yaw": -0.6797795295715332
                }
            },
            {
                "tick": 7,
                "easing": "LINEAR",
                "turn": 0,
                "rightArm": {
                    "yaw": -0.6821789741516113
                }
            },
            {
                "tick": 8,
                "easing": "LINEAR",
                "turn": 0,
                "rightArm": {
                    "yaw": -0.6838212013244629
                }
            },
            {
                "tick": 9,
                "easing": "LINEAR",
                "turn": 0,
                "rightArm": {
                    "yaw": -0.6787691116333008
                }
            },
            {
                "tick": 10,
                "easing": "LINEAR",
                "turn": 0,
                "rightArm": {
                    "yaw": -0.6676549911499023
                }
            },
            {
                "tick": 11,
                "easing": "LINEAR",
                "turn": 0,
                "rightArm": {
                    "yaw": -0.6565408706665039
                }
            },
            {
                "tick": 12,
                "easing": "LINEAR",
                "turn": 0,
                "rightArm": {
                    "yaw": -0.6514887809753418
                }
            },
            {
                "tick": 13,
                "easing": "LINEAR",
                "turn": 0,
                "rightArm": {
                    "yaw": -0.6565408706665039
                }
            },
            {
                "tick": 14,
                "easing": "LINEAR",
                "turn": 0,
                "rightArm": {
                    "yaw": -0.6676549911499023
                }
            },
            {
                "tick": 15,
                "easing": "LINEAR",
                "turn": 0,
                "rightArm": {
                    "yaw": -0.6787691116333008
                }
            },
            {
                "tick": 16,
                "easing": "LINEAR",
                "turn": 0,
                "rightArm": {
                    "yaw": -0.6838212013244629
                }
            },
            {
                "tick": 17,
                "easing": "LINEAR",
                "turn": 0,
                "rightArm": {
                    "yaw": -0.6826233267784119
                }
            },
            {
                "tick": 18,
                "easing": "LINEAR",
                "turn": 0,
                "rightArm": {
                    "yaw": -0.6742410659790039
                }
            },
            {
                "tick": 19,
                "easing": "LINEAR",
                "turn": 0,
                "rightArm": {
                    "yaw": -0.6514887809753418
                }
            },
            {
                "tick": 20,
                "easing": "LINEAR",
                "turn": 0,
                "rightArm": {
                    "yaw": -0.6036415100097656
                }
            },
            {
                "tick": 21,
                "easing": "LINEAR",
                "turn": 0,
                "rightArm": {
                    "yaw": -0.5302901268005371
                }
            },
            {
                "tick": 22,
                "easing": "LINEAR",
                "turn": 0,
                "rightArm": {
                    "yaw": -0.4397229850292206
                }
            },
            {
                "tick": 23,
                "easing": "LINEAR",
                "turn": 0,
                "rightArm": {
                    "yaw": -0.34022951126098633
                }
            },
            {
                "tick": 24,
                "easing": "LINEAR",
                "turn": 0,
                "rightArm": {
                    "yaw": -0.2400975227355957
                }
            },
            {
                "tick": 25,
                "easing": "LINEAR",
                "turn": 0,
                "rightArm": {
                    "yaw": -0.14763306081295013
                }
            },
            {
                "tick": 26,
                "easing": "LINEAR",
                "turn": 0,
                "rightArm": {
                    "yaw": -0.07120513916015625
                }
            },
            {
                "tick": 27,
                "easing": "LINEAR",
                "turn": 0,
                "rightArm": {
                    "yaw": -0.019198894500732422
                }
            },
            {
                "tick": 28,
                "easing": "LINEAR",
                "turn": 0,
                "rightArm": {
                    "yaw": -0.0
                }
            },
            {
                "tick": 1,
                "easing": "LINEAR",
                "turn": 0,
                "rightArm": {
                    "roll": 0.09802961349487305
                }
            },
            {
                "tick": 2,
                "easing": "LINEAR",
                "turn": 0,
                "rightArm": {
                    "roll": 0.3136930465698242
                }
            },
            {
                "tick": 3,
                "easing": "LINEAR",
                "turn": 0,
                "rightArm": {
                    "roll": 0.5293574333190918
                }
            },
            {
                "tick": 4,
                "easing": "LINEAR",
                "turn": 0,
                "rightArm": {
                    "roll": 0.6273870468139648
                }
            },
            {
                "tick": 5,
                "easing": "LINEAR",
                "turn": 0,
                "rightArm": {
                    "roll": 0.6213717460632324
                }
            },
            {
                "tick": 6,
                "easing": "LINEAR",
                "turn": 0,
                "rightArm": {
                    "roll": 0.6081381440162659
                }
            },
            {
                "tick": 7,
                "easing": "LINEAR",
                "turn": 0,
                "rightArm": {
                    "roll": 0.5949044227600098
                }
            },
            {
                "tick": 8,
                "easing": "LINEAR",
                "turn": 0,
                "rightArm": {
                    "roll": 0.5888900756835938
                }
            },
            {
                "tick": 9,
                "easing": "LINEAR",
                "turn": 0,
                "rightArm": {
                    "roll": 0.5949044227600098
                }
            },
            {
                "tick": 10,
                "easing": "LINEAR",
                "turn": 0,
                "rightArm": {
                    "roll": 0.6081380844116211
                }
            },
            {
                "tick": 11,
                "easing": "LINEAR",
                "turn": 0,
                "rightArm": {
                    "roll": 0.6213717460632324
                }
            },
            {
                "tick": 12,
                "easing": "LINEAR",
                "turn": 0,
                "rightArm": {
                    "roll": 0.6273870468139648
                }
            },
            {
                "tick": 13,
                "easing": "LINEAR",
                "turn": 0,
                "rightArm": {
                    "roll": 0.6213717460632324
                }
            },
            {
                "tick": 14,
                "easing": "LINEAR",
                "turn": 0,
                "rightArm": {
                    "roll": 0.6081380844116211
                }
            },
            {
                "tick": 15,
                "easing": "LINEAR",
                "turn": 0,
                "rightArm": {
                    "roll": 0.5949044227600098
                }
            },
            {
                "tick": 16,
                "easing": "LINEAR",
                "turn": 0,
                "rightArm": {
                    "roll": 0.5888900756835938
                }
            },
            {
                "tick": 17,
                "easing": "LINEAR",
                "turn": 0,
                "rightArm": {
                    "roll": 0.5988702774047852
                }
            },
            {
                "tick": 18,
                "easing": "LINEAR",
                "turn": 0,
                "rightArm": {
                    "roll": 0.6174054145812988
                }
            },
            {
                "tick": 19,
                "easing": "LINEAR",
                "turn": 0,
                "rightArm": {
                    "roll": 0.6273870468139648
                }
            },
            {
                "tick": 20,
                "easing": "LINEAR",
                "turn": 0,
                "rightArm": {
                    "roll": 0.6260461807250977
                }
            },
            {
                "tick": 21,
                "easing": "LINEAR",
                "turn": 0,
                "rightArm": {
                    "roll": 0.6166648864746094
                }
            },
            {
                "tick": 22,
                "easing": "LINEAR",
                "turn": 0,
                "rightArm": {
                    "roll": 0.5912003517150879
                }
            },
            {
                "tick": 23,
                "easing": "LINEAR",
                "turn": 0,
                "rightArm": {
                    "roll": 0.5416126251220703
                }
            },
            {
                "tick": 24,
                "easing": "LINEAR",
                "turn": 0,
                "rightArm": {
                    "roll": 0.45986032485961914
                }
            },
            {
                "tick": 25,
                "easing": "LINEAR",
                "turn": 0,
                "rightArm": {
                    "roll": 0.3314671516418457
                }
            },
            {
                "tick": 26,
                "easing": "LINEAR",
                "turn": 0,
                "rightArm": {
                    "roll": 0.1796717643737793
                }
            },
            {
                "tick": 27,
                "easing": "LINEAR",
                "turn": 0,
                "rightArm": {
                    "roll": 0.053007129579782486
                }
            },
            {
                "tick": 28,
                "easing": "LINEAR",
                "turn": 0,
                "rightArm": {
                    "roll": 0.0
                }
            },
            {
                "tick": 1,
                "easing": "LINEAR",
                "turn": 0,
                "rightArm": {
                    "y": 2.051816940307617
                }
            },
            {
                "tick": 2,
                "easing": "LINEAR",
                "turn": 0,
                "rightArm": {
                    "y": 2.421947479248047
                }
            },
            {
                "tick": 3,
                "easing": "LINEAR",
                "turn": 0,
                "rightArm": {
                    "y": 2.8324108123779297
                }
            },
            {
                "tick": 4,
                "easing": "LINEAR",
                "turn": 0,
                "rightArm": {
                    "y": 3.114320755004883
                }
            },
            {
                "tick": 5,
                "easing": "LINEAR",
                "turn": 0,
                "rightArm": {
                    "y": 3.2084312438964844
                }
            },
            {
                "tick": 6,
                "easing": "LINEAR",
                "turn": 0,
                "rightArm": {
                    "y": 3.2218761444091797
                }
            },
            {
                "tick": 7,
                "easing": "LINEAR",
                "turn": 0,
                "rightArm": {
                    "y": 3.0604515075683594
                }
            },
            {
                "tick": 8,
                "easing": "LINEAR",
                "turn": 0,
                "rightArm": {
                    "y": 2.899026870727539
                }
            },
            {
                "tick": 9,
                "easing": "LINEAR",
                "turn": 0,
                "rightArm": {
                    "y": 2.904083251953125
                }
            },
            {
                "tick": 10,
                "easing": "LINEAR",
                "turn": 0,
                "rightArm": {
                    "y": 2.930448532104492
                }
            },
            {
                "tick": 11,
                "easing": "LINEAR",
                "turn": 0,
                "rightArm": {
                    "y": 2.9949283599853516
                }
            },
            {
                "tick": 12,
                "easing": "LINEAR",
                "turn": 0,
                "rightArm": {
                    "y": 3.114320755004883
                }
            },
            {
                "tick": 13,
                "easing": "LINEAR",
                "turn": 0,
                "rightArm": {
                    "y": 3.2779693603515625
                }
            },
            {
                "tick": 14,
                "easing": "LINEAR",
                "turn": 0,
                "rightArm": {
                    "y": 3.3653945922851562
                }
            },
            {
                "tick": 15,
                "easing": "LINEAR",
                "turn": 0,
                "rightArm": {
                    "y": 3.132211685180664
                }
            },
            {
                "tick": 16,
                "easing": "LINEAR",
                "turn": 0,
                "rightArm": {
                    "y": 2.899026870727539
                }
            },
            {
                "tick": 17,
                "easing": "LINEAR",
                "turn": 0,
                "rightArm": {
                    "y": 2.954843521118164
                }
            },
            {
                "tick": 18,
                "easing": "LINEAR",
                "turn": 0,
                "rightArm": {
                    "y": 3.058504104614258
                }
            },
            {
                "tick": 19,
                "easing": "LINEAR",
                "turn": 0,
                "rightArm": {
                    "y": 3.114320755004883
                }
            },
            {
                "tick": 20,
                "easing": "LINEAR",
                "turn": 0,
                "rightArm": {
                    "y": 2.967693328857422
                }
            },
            {
                "tick": 21,
                "easing": "LINEAR",
                "turn": 0,
                "rightArm": {
                    "y": 2.6180496215820312
                }
            },
            {
                "tick": 22,
                "easing": "LINEAR",
                "turn": 0,
                "rightArm": {
                    "y": 2.2007293701171875
                }
            },
            {
                "tick": 23,
                "easing": "LINEAR",
                "turn": 0,
                "rightArm": {
                    "y": 1.851083755493164
                }
            },
            {
                "tick": 24,
                "easing": "LINEAR",
                "turn": 0,
                "rightArm": {
                    "y": 1.704458236694336
                }
            },
            {
                "tick": 25,
                "easing": "LINEAR",
                "turn": 0,
                "rightArm": {
                    "y": 1.733591079711914
                }
            },
            {
                "tick": 26,
                "easing": "LINEAR",
                "turn": 0,
                "rightArm": {
                    "y": 1.7976837158203125
                }
            },
            {
                "tick": 27,
                "easing": "LINEAR",
                "turn": 0,
                "rightArm": {
                    "y": 1.861776351928711
                }
            },
            {
                "tick": 28,
                "easing": "LINEAR",
                "turn": 0,
                "rightArm": {
                    "y": 1.890909194946289
                }
            },
            {
                "tick": 1,
                "easing": "LINEAR",
                "turn": 0,
                "rightArm": {
                    "z": -0.18809795379638672
                }
            },
            {
                "tick": 2,
                "easing": "LINEAR",
                "turn": 0,
                "rightArm": {
                    "z": -0.6019139289855957
                }
            },
            {
                "tick": 3,
                "easing": "LINEAR",
                "turn": 0,
                "rightArm": {
                    "z": -1.0157299041748047
                }
            },
            {
                "tick": 4,
                "easing": "LINEAR",
                "turn": 0,
                "rightArm": {
                    "z": -1.2038278579711914
                }
            },
            {
                "tick": 5,
                "easing": "LINEAR",
                "turn": 0,
                "rightArm": {
                    "z": -1.1475744247436523
                }
            },
            {
                "tick": 6,
                "easing": "LINEAR",
                "turn": 0,
                "rightArm": {
                    "z": -1.023817539215088
                }
            },
            {
                "tick": 7,
                "easing": "LINEAR",
                "turn": 0,
                "rightArm": {
                    "z": -0.9000606536865234
                }
            },
            {
                "tick": 8,
                "easing": "LINEAR",
                "turn": 0,
                "rightArm": {
                    "z": -0.8438072204589844
                }
            },
            {
                "tick": 9,
                "easing": "LINEAR",
                "turn": 0,
                "rightArm": {
                    "z": -0.9000606536865234
                }
            },
            {
                "tick": 10,
                "easing": "LINEAR",
                "turn": 0,
                "rightArm": {
                    "z": -1.023817539215088
                }
            },
            {
                "tick": 11,
                "easing": "LINEAR",
                "turn": 0,
                "rightArm": {
                    "z": -1.1475744247436523
                }
            },
            {
                "tick": 12,
                "easing": "LINEAR",
                "turn": 0,
                "rightArm": {
                    "z": -1.2038278579711914
                }
            },
            {
                "tick": 13,
                "easing": "LINEAR",
                "turn": 0,
                "rightArm": {
                    "z": -1.1475744247436523
                }
            },
            {
                "tick": 14,
                "easing": "LINEAR",
                "turn": 0,
                "rightArm": {
                    "z": -1.023817539215088
                }
            },
            {
                "tick": 15,
                "easing": "LINEAR",
                "turn": 0,
                "rightArm": {
                    "z": -0.9000606536865234
                }
            },
            {
                "tick": 16,
                "easing": "LINEAR",
                "turn": 0,
                "rightArm": {
                    "z": -0.8438072204589844
                }
            },
            {
                "tick": 17,
                "easing": "LINEAR",
                "turn": 0,
                "rightArm": {
                    "z": -0.9371459484100342
                }
            },
            {
                "tick": 18,
                "easing": "LINEAR",
                "turn": 0,
                "rightArm": {
                    "z": -1.1104891300201416
                }
            },
            {
                "tick": 19,
                "easing": "LINEAR",
                "turn": 0,
                "rightArm": {
                    "z": -1.2038278579711914
                }
            },
            {
                "tick": 20,
                "easing": "LINEAR",
                "turn": 0,
                "rightArm": {
                    "z": -1.1625442504882812
                }
            },
            {
                "tick": 21,
                "easing": "LINEAR",
                "turn": 0,
                "rightArm": {
                    "z": -1.0519042015075684
                }
            },
            {
                "tick": 22,
                "easing": "LINEAR",
                "turn": 0,
                "rightArm": {
                    "z": -0.8917241096496582
                }
            },
            {
                "tick": 23,
                "easing": "LINEAR",
                "turn": 0,
                "rightArm": {
                    "z": -0.701819896697998
                }
            },
            {
                "tick": 24,
                "easing": "LINEAR",
                "turn": 0,
                "rightArm": {
                    "z": -0.5020074844360352
                }
            },
            {
                "tick": 25,
                "easing": "LINEAR",
                "turn": 0,
                "rightArm": {
                    "z": -0.3121035099029541
                }
            },
            {
                "tick": 26,
                "easing": "LINEAR",
                "turn": 0,
                "rightArm": {
                    "z": -0.15192341804504395
                }
            },
            {
                "tick": 27,
                "easing": "LINEAR",
                "turn": 0,
                "rightArm": {
                    "z": -0.041283607482910156
                }
            },
            {
                "tick": 28,
                "easing": "LINEAR",
                "turn": 0,
                "rightArm": {
                    "z": -0.0
                }
            },
            {
                "tick": 1,
                "easing": "LINEAR",
                "turn": 0,
                "rightArm": {
                    "x": -4.848793029785156
                }
            },
            {
                "tick": 2,
                "easing": "LINEAR",
                "turn": 0,
                "rightArm": {
                    "x": -4.51613712310791
                }
            },
            {
                "tick": 3,
                "easing": "LINEAR",
                "turn": 0,
                "rightArm": {
                    "x": -4.183481693267822
                }
            },
            {
                "tick": 4,
                "easing": "LINEAR",
                "turn": 0,
                "rightArm": {
                    "x": -4.0322747230529785
                }
            },
            {
                "tick": 5,
                "easing": "LINEAR",
                "turn": 0,
                "rightArm": {
                    "x": -4.034007549285889
                }
            },
            {
                "tick": 6,
                "easing": "LINEAR",
                "turn": 0,
                "rightArm": {
                    "x": -4.037820339202881
                }
            },
            {
                "tick": 7,
                "easing": "LINEAR",
                "turn": 0,
                "rightArm": {
                    "x": -4.041632652282715
                }
            },
            {
                "tick": 8,
                "easing": "LINEAR",
                "turn": 0,
                "rightArm": {
                    "x": -4.043365955352783
                }
            },
            {
                "tick": 9,
                "easing": "LINEAR",
                "turn": 0,
                "rightArm": {
                    "x": -4.041632652282715
                }
            },
            {
                "tick": 10,
                "easing": "LINEAR",
                "turn": 0,
                "rightArm": {
                    "x": -4.037820339202881
                }
            },
            {
                "tick": 11,
                "easing": "LINEAR",
                "turn": 0,
                "rightArm": {
                    "x": -4.034007549285889
                }
            },
            {
                "tick": 12,
                "easing": "LINEAR",
                "turn": 0,
                "rightArm": {
                    "x": -4.0322747230529785
                }
            },
            {
                "tick": 13,
                "easing": "LINEAR",
                "turn": 0,
                "rightArm": {
                    "x": -4.034007549285889
                }
            },
            {
                "tick": 14,
                "easing": "LINEAR",
                "turn": 0,
                "rightArm": {
                    "x": -4.037820339202881
                }
            },
            {
                "tick": 15,
                "easing": "LINEAR",
                "turn": 0,
                "rightArm": {
                    "x": -4.041632652282715
                }
            },
            {
                "tick": 16,
                "easing": "LINEAR",
                "turn": 0,
                "rightArm": {
                    "x": -4.043365955352783
                }
            },
            {
                "tick": 17,
                "easing": "LINEAR",
                "turn": 0,
                "rightArm": {
                    "x": -4.04049015045166
                }
            },
            {
                "tick": 18,
                "easing": "LINEAR",
                "turn": 0,
                "rightArm": {
                    "x": -4.035150051116943
                }
            },
            {
                "tick": 19,
                "easing": "LINEAR",
                "turn": 0,
                "rightArm": {
                    "x": -4.0322747230529785
                }
            },
            {
                "tick": 20,
                "easing": "LINEAR",
                "turn": 0,
                "rightArm": {
                    "x": -4.065461158752441
                }
            },
            {
                "tick": 21,
                "easing": "LINEAR",
                "turn": 0,
                "rightArm": {
                    "x": -4.154401779174805
                }
            },
            {
                "tick": 22,
                "easing": "LINEAR",
                "turn": 0,
                "rightArm": {
                    "x": -4.283166408538818
                }
            },
            {
                "tick": 23,
                "easing": "LINEAR",
                "turn": 0,
                "rightArm": {
                    "x": -4.435825347900391
                }
            },
            {
                "tick": 24,
                "easing": "LINEAR",
                "turn": 0,
                "rightArm": {
                    "x": -4.596449375152588
                }
            },
            {
                "tick": 25,
                "easing": "LINEAR",
                "turn": 0,
                "rightArm": {
                    "x": -4.74910831451416
                }
            },
            {
                "tick": 26,
                "easing": "LINEAR",
                "turn": 0,
                "rightArm": {
                    "x": -4.877872943878174
                }
            },
            {
                "tick": 27,
                "easing": "LINEAR",
                "turn": 0,
                "rightArm": {
                    "x": -4.966813087463379
                }
            },
            {
                "tick": 28,
                "easing": "LINEAR",
                "turn": 0,
                "rightArm": {
                    "x": -5.0
                }
            },
            {
                "tick": 1,
                "easing": "LINEAR",
                "turn": 0,
                "rightArm": {
                    "pitch": -0.23948761820793152
                }
            },
            {
                "tick": 2,
                "easing": "LINEAR",
                "turn": 0,
                "rightArm": {
                    "pitch": -0.7663607597351074
                }
            },
            {
                "tick": 3,
                "easing": "LINEAR",
                "turn": 0,
                "rightArm": {
                    "pitch": -1.2932343482971191
                }
            },
            {
                "tick": 4,
                "easing": "LINEAR",
                "turn": 0,
                "rightArm": {
                    "pitch": -1.5327215194702148
                }
            },
            {
                "tick": 5,
                "easing": "LINEAR",
                "turn": 0,
                "rightArm": {
                    "pitch": -1.5217747688293457
                }
            },
            {
                "tick": 6,
                "easing": "LINEAR",
                "turn": 0,
                "rightArm": {
                    "pitch": -1.4976921081542969
                }
            },
            {
                "tick": 7,
                "easing": "LINEAR",
                "turn": 0,
                "rightArm": {
                    "pitch": -1.473609447479248
                }
            },
            {
                "tick": 8,
                "easing": "LINEAR",
                "turn": 0,
                "rightArm": {
                    "pitch": -1.462662696838379
                }
            },
            {
                "tick": 9,
                "easing": "LINEAR",
                "turn": 0,
                "rightArm": {
                    "pitch": -1.473609447479248
                }
            },
            {
                "tick": 10,
                "easing": "LINEAR",
                "turn": 0,
                "rightArm": {
                    "pitch": -1.4976921081542969
                }
            },
            {
                "tick": 11,
                "easing": "LINEAR",
                "turn": 0,
                "rightArm": {
                    "pitch": -1.5217747688293457
                }
            },
            {
                "tick": 12,
                "easing": "LINEAR",
                "turn": 0,
                "rightArm": {
                    "pitch": -1.5327215194702148
                }
            },
            {
                "tick": 13,
                "easing": "LINEAR",
                "turn": 0,
                "rightArm": {
                    "pitch": -1.5217747688293457
                }
            },
            {
                "tick": 14,
                "easing": "LINEAR",
                "turn": 0,
                "rightArm": {
                    "pitch": -1.4976921081542969
                }
            },
            {
                "tick": 15,
                "easing": "LINEAR",
                "turn": 0,
                "rightArm": {
                    "pitch": -1.473609447479248
                }
            },
            {
                "tick": 16,
                "easing": "LINEAR",
                "turn": 0,
                "rightArm": {
                    "pitch": -1.462662696838379
                }
            },
            {
                "tick": 17,
                "easing": "LINEAR",
                "turn": 0,
                "rightArm": {
                    "pitch": -1.4808259010314941
                }
            },
            {
                "tick": 18,
                "easing": "LINEAR",
                "turn": 0,
                "rightArm": {
                    "pitch": -1.5145583152770996
                }
            },
            {
                "tick": 19,
                "easing": "LINEAR",
                "turn": 0,
                "rightArm": {
                    "pitch": -1.5327215194702148
                }
            },
            {
                "tick": 20,
                "easing": "LINEAR",
                "turn": 0,
                "rightArm": {
                    "pitch": -1.4761013984680176
                }
            },
            {
                "tick": 21,
                "easing": "LINEAR",
                "turn": 0,
                "rightArm": {
                    "pitch": -1.3257193565368652
                }
            },
            {
                "tick": 22,
                "easing": "LINEAR",
                "turn": 0,
                "rightArm": {
                    "pitch": -1.1107935905456543
                }
            },
            {
                "tick": 23,
                "easing": "LINEAR",
                "turn": 0,
                "rightArm": {
                    "pitch": -0.8605408668518066
                }
            },
            {
                "tick": 24,
                "easing": "LINEAR",
                "turn": 0,
                "rightArm": {
                    "pitch": -0.6041793823242188
                }
            },
            {
                "tick": 25,
                "easing": "LINEAR",
                "turn": 0,
                "rightArm": {
                    "pitch": -0.36933377385139465
                }
            },
            {
                "tick": 26,
                "easing": "LINEAR",
                "turn": 0,
                "rightArm": {
                    "pitch": -0.17725181579589844
                }
            },
            {
                "tick": 27,
                "easing": "LINEAR",
                "turn": 0,
                "rightArm": {
                    "pitch": -0.04758882150053978
                }
            },
            {
                "tick": 28,
                "easing": "LINEAR",
                "turn": 0,
                "rightArm": {
                    "pitch": 0.0
                }
            },
            {
                "tick": 1,
                "easing": "LINEAR",
                "turn": 0,
                "rightArm": {
                    "bend": -0.2563338577747345
                }
            },
            {
                "tick": 2,
                "easing": "LINEAR",
                "turn": 0,
                "rightArm": {
                    "bend": -0.8202676177024841
                }
            },
            {
                "tick": 3,
                "easing": "LINEAR",
                "turn": 0,
                "rightArm": {
                    "bend": -1.384202003479004
                }
            },
            {
                "tick": 4,
                "easing": "LINEAR",
                "turn": 0,
                "rightArm": {
                    "bend": -1.640535831451416
                }
            },
            {
                "tick": 5,
                "easing": "LINEAR",
                "turn": 0,
                "rightArm": {
                    "bend": -1.5891180038452148
                }
            },
            {
                "tick": 6,
                "easing": "LINEAR",
                "turn": 0,
                "rightArm": {
                    "bend": -1.4936285018920898
                }
            },
            {
                "tick": 7,
                "easing": "LINEAR",
                "turn": 0,
                "rightArm": {
                    "bend": -1.4422111511230469
                }
            },
            {
                "tick": 8,
                "easing": "LINEAR",
                "turn": 0,
                "rightArm": {
                    "bend": -1.462836742401123
                }
            },
            {
                "tick": 9,
                "easing": "LINEAR",
                "turn": 0,
                "rightArm": {
                    "bend": -1.512021541595459
                }
            },
            {
                "tick": 10,
                "easing": "LINEAR",
                "turn": 0,
                "rightArm": {
                    "bend": -1.570725440979004
                }
            },
            {
                "tick": 11,
                "easing": "LINEAR",
                "turn": 0,
                "rightArm": {
                    "bend": -1.6199097633361816
                }
            },
            {
                "tick": 12,
                "easing": "LINEAR",
                "turn": 0,
                "rightArm": {
                    "bend": -1.640535831451416
                }
            },
            {
                "tick": 13,
                "easing": "LINEAR",
                "turn": 0,
                "rightArm": {
                    "bend": -1.5891180038452148
                }
            },
            {
                "tick": 14,
                "easing": "LINEAR",
                "turn": 0,
                "rightArm": {
                    "bend": -1.4936285018920898
                }
            },
            {
                "tick": 15,
                "easing": "LINEAR",
                "turn": 0,
                "rightArm": {
                    "bend": -1.4422111511230469
                }
            },
            {
                "tick": 16,
                "easing": "LINEAR",
                "turn": 0,
                "rightArm": {
                    "bend": -1.4637799263000488
                }
            },
            {
                "tick": 17,
                "easing": "LINEAR",
                "turn": 0,
                "rightArm": {
                    "bend": -1.5162549018859863
                }
            },
            {
                "tick": 18,
                "easing": "LINEAR",
                "turn": 0,
                "rightArm": {
                    "bend": -1.5812888145446777
                }
            },
            {
                "tick": 19,
                "easing": "LINEAR",
                "turn": 0,
                "rightArm": {
                    "bend": -1.640535831451416
                }
            },
            {
                "tick": 20,
                "easing": "LINEAR",
                "turn": 0,
                "rightArm": {
                    "bend": -1.6795263290405273
                }
            },
            {
                "tick": 21,
                "easing": "LINEAR",
                "turn": 0,
                "rightArm": {
                    "bend": -1.6993083953857422
                }
            },
            {
                "tick": 22,
                "easing": "LINEAR",
                "turn": 0,
                "rightArm": {
                    "bend": -1.7048076391220093
                }
            },
            {
                "tick": 23,
                "easing": "LINEAR",
                "turn": 0,
                "rightArm": {
                    "bend": -1.578525424003601
                }
            },
            {
                "tick": 24,
                "easing": "LINEAR",
                "turn": 0,
                "rightArm": {
                    "bend": -1.2628207206726074
                }
            },
            {
                "tick": 25,
                "easing": "LINEAR",
                "turn": 0,
                "rightArm": {
                    "bend": -0.8524036407470703
                }
            },
            {
                "tick": 26,
                "easing": "LINEAR",
                "turn": 0,
                "rightArm": {
                    "bend": -0.441987007856369
                }
            },
            {
                "tick": 27,
                "easing": "LINEAR",
                "turn": 0,
                "rightArm": {
                    "bend": -0.1262817531824112
                }
            },
            {
                "tick": 28,
                "easing": "LINEAR",
                "turn": 0,
                "rightArm": {
                    "bend": 0.0
                }
            }
        ]
    }
}