{
    "name": {
        "translate": "spemotes.emote.name.SPE_Cross from right to left",
        "fallback": "Перекреститься справа налево"
    },
    "author": "SPEmotes",
    "description": {
        "translate": "spemotes.emote.description.SPE_Cross from right to left",
        "fallback": "Святой Ганак, пожалуйста, восстановите мой дом"
    },
    "emote": {
        "isLoop": "false",
        "returnTick": 2,
        "beginTick": 0,
        "endTick": 46,
        "stopTick": 47,
        "degrees": false,
        "moves": [
            {
                "tick": 4,
                "easing": "EASEINOUTQUAD",
                "turn": 0,
                "rightArm": {
                    "yaw": -0.4449378252029419
                }
            },
            {
                "tick": 8,
                "easing": "EASEINOUTQUAD",
                "turn": 0,
                "rightArm": {
                    "yaw": -0.3155362904071808
                }
            },
            {
                "tick": 10,
                "easing": "EASEINOUTQUAD",
                "turn": 0,
                "rightArm": {
                    "yaw": -0.3138936161994934
                }
            },
            {
                "tick": 16,
                "easing": "EASEINOUTQUAD",
                "turn": 0,
                "rightArm": {
                    "yaw": -1.4517000913619995
                }
            },
            {
                "tick": 18,
                "easing": "EASEINOUTQUAD",
                "turn": 0,
                "rightArm": {
                    "yaw": -1.4121031761169434
                }
            },
            {
                "tick": 25,
                "easing": "EASEINOUTQUAD",
                "turn": 0,
                "rightArm": {
                    "yaw": -0.6884703040122986
                }
            },
            {
                "tick": 27,
                "easing": "EASEINOUTQUAD",
                "turn": 0,
                "rightArm": {
                    "yaw": -0.6021036505699158
                }
            },
            {
                "tick": 34,
                "easing": "EASEINOUTQUAD",
                "turn": 0,
                "rightArm": {
                    "yaw": -0.8452730178833008
                }
            },
            {
                "tick": 36,
                "easing": "EASEINOUTQUAD",
                "turn": 0,
                "rightArm": {
                    "yaw": -0.7611052989959717
                }
            },
            {
                "tick": 46,
                "easing": "EASEINOUTQUAD",
                "turn": 0,
                "rightArm": {
                    "yaw": -0.0
                }
            },
            {
                "tick": 4,
                "easing": "EASEINOUTQUAD",
                "turn": 0,
                "rightArm": {
                    "roll": 0.27455073595046997
                }
            },
            {
                "tick": 8,
                "easing": "EASEINOUTQUAD",
                "turn": 0,
                "rightArm": {
                    "roll": 0.730993390083313
                }
            },
            {
                "tick": 10,
                "easing": "EASEINOUTQUAD",
                "turn": 0,
                "rightArm": {
                    "roll": 0.7347360253334045
                }
            },
            {
                "tick": 16,
                "easing": "EASEINOUTQUAD",
                "turn": 0,
                "rightArm": {
                    "roll": -0.12224387377500534
                }
            },
            {
                "tick": 18,
                "easing": "EASEINOUTQUAD",
                "turn": 0,
                "rightArm": {
                    "roll": 0.5957524180412292
                }
            },
            {
                "tick": 25,
                "easing": "EASEINOUTQUAD",
                "turn": 0,
                "rightArm": {
                    "roll": 0.8902371525764465
                }
            },
            {
                "tick": 27,
                "easing": "EASEINOUTQUAD",
                "turn": 0,
                "rightArm": {
                    "roll": 0.9175221920013428
                }
            },
            {
                "tick": 34,
                "easing": "EASEINOUTQUAD",
                "turn": 0,
                "rightArm": {
                    "roll": 1.4840518236160278
                }
            },
            {
                "tick": 36,
                "easing": "EASEINOUTQUAD",
                "turn": 0,
                "rightArm": {
                    "roll": 1.533590316772461
                }
            },
            {
                "tick": 46,
                "easing": "EASEINOUTQUAD",
                "turn": 0,
                "rightArm": {
                    "roll": -0.0
                }
            },
            {
                "tick": 4,
                "easing": "EASEINOUTQUAD",
                "turn": 0,
                "rightArm": {
                    "y": 2.73891544342041
                }
            },
            {
                "tick": 8,
                "easing": "EASEINOUTQUAD",
                "turn": 0,
                "rightArm": {
                    "y": 1.202061653137207
                }
            },
            {
                "tick": 10,
                "easing": "EASEINOUTQUAD",
                "turn": 0,
                "rightArm": {
                    "y": 1.202061653137207
                }
            },
            {
                "tick": 16,
                "easing": "EASEINOUTQUAD",
                "turn": 0,
                "rightArm": {
                    "y": 3.519277572631836
                }
            },
            {
                "tick": 18,
                "easing": "EASEINOUTQUAD",
                "turn": 0,
                "rightArm": {
                    "y": 3.519277572631836
                }
            },
            {
                "tick": 25,
                "easing": "EASEINOUTQUAD",
                "turn": 0,
                "rightArm": {
                    "y": 2.796339988708496
                }
            },
            {
                "tick": 27,
                "easing": "EASEINOUTQUAD",
                "turn": 0,
                "rightArm": {
                    "y": 2.796339988708496
                }
            },
            {
                "tick": 34,
                "easing": "EASEINOUTQUAD",
                "turn": 0,
                "rightArm": {
                    "y": 3.381028175354004
                }
            },
            {
                "tick": 36,
                "easing": "EASEINOUTQUAD",
                "turn": 0,
                "rightArm": {
                    "y": 3.381028175354004
                }
            },
            {
                "tick": 46,
                "easing": "EASEINOUTQUAD",
                "turn": 0,
                "rightArm": {
                    "y": 2.0
                }
            },
            {
                "tick": 4,
                "easing": "EASEINOUTQUAD",
                "turn": 0,
                "rightArm": {
                    "z": -0.9279448390007019
                }
            },
            {
                "tick": 8,
                "easing": "EASEINOUTQUAD",
                "turn": 0,
                "rightArm": {
                    "z": -3.046983242034912
                }
            },
            {
                "tick": 10,
                "easing": "EASEINOUTQUAD",
                "turn": 0,
                "rightArm": {
                    "z": -3.2434310913085938
                }
            },
            {
                "tick": 16,
                "easing": "EASEINOUTQUAD",
                "turn": 0,
                "rightArm": {
                    "z": -1.6811813116073608
                }
            },
            {
                "tick": 18,
                "easing": "EASEINOUTQUAD",
                "turn": 0,
                "rightArm": {
                    "z": -1.8749754428863525
                }
            },
            {
                "tick": 25,
                "easing": "EASEINOUTQUAD",
                "turn": 0,
                "rightArm": {
                    "z": 1.789686679840088
                }
            },
            {
                "tick": 27,
                "easing": "EASEINOUTQUAD",
                "turn": 0,
                "rightArm": {
                    "z": 1.4256267547607422
                }
            },
            {
                "tick": 34,
                "easing": "EASEINOUTQUAD",
                "turn": 0,
                "rightArm": {
                    "z": -1.2824620008468628
                }
            },
            {
                "tick": 36,
                "easing": "EASEINOUTQUAD",
                "turn": 0,
                "rightArm": {
                    "z": -2.0045719146728516
                }
            },
            {
                "tick": 46,
                "easing": "EASEINOUTQUAD",
                "turn": 0,
                "rightArm": {
                    "z": -0.0
                }
            },
            {
                "tick": 4,
                "easing": "EASEINOUTQUAD",
                "turn": 0,
                "rightArm": {
                    "x": -5.104315280914307
                }
            },
            {
                "tick": 8,
                "easing": "EASEINOUTQUAD",
                "turn": 0,
                "rightArm": {
                    "x": -3.7313897609710693
                }
            },
            {
                "tick": 10,
                "easing": "EASEINOUTQUAD",
                "turn": 0,
                "rightArm": {
                    "x": -3.7313897609710693
                }
            },
            {
                "tick": 16,
                "easing": "EASEINOUTQUAD",
                "turn": 0,
                "rightArm": {
                    "x": -5.585334300994873
                }
            },
            {
                "tick": 18,
                "easing": "EASEINOUTQUAD",
                "turn": 0,
                "rightArm": {
                    "x": -5.585334300994873
                }
            },
            {
                "tick": 25,
                "easing": "EASEINOUTQUAD",
                "turn": 0,
                "rightArm": {
                    "x": -6.165485382080078
                }
            },
            {
                "tick": 27,
                "easing": "EASEINOUTQUAD",
                "turn": 0,
                "rightArm": {
                    "x": -6.165485382080078
                }
            },
            {
                "tick": 34,
                "easing": "EASEINOUTQUAD",
                "turn": 0,
                "rightArm": {
                    "x": -3.0606157779693604
                }
            },
            {
                "tick": 36,
                "easing": "EASEINOUTQUAD",
                "turn": 0,
                "rightArm": {
                    "x": -3.0606157779693604
                }
            },
            {
                "tick": 46,
                "easing": "EASEINOUTQUAD",
                "turn": 0,
                "rightArm": {
                    "x": -5.0
                }
            },
            {
                "tick": 4,
                "easing": "EASEINOUTQUAD",
                "turn": 0,
                "rightArm": {
                    "pitch": -0.2960159480571747
                }
            },
            {
                "tick": 8,
                "easing": "EASEINOUTQUAD",
                "turn": 0,
                "rightArm": {
                    "pitch": -2.1511428356170654
                }
            },
            {
                "tick": 10,
                "easing": "EASEINOUTQUAD",
                "turn": 0,
                "rightArm": {
                    "pitch": -2.1015071868896484
                }
            },
            {
                "tick": 16,
                "easing": "EASEINOUTQUAD",
                "turn": 0,
                "rightArm": {
                    "pitch": -0.10678156465291977
                }
            },
            {
                "tick": 18,
                "easing": "EASEINOUTQUAD",
                "turn": 0,
                "rightArm": {
                    "pitch": -0.8432182669639587
                }
            },
            {
                "tick": 25,
                "easing": "EASEINOUTQUAD",
                "turn": 0,
                "rightArm": {
                    "pitch": -1.017643690109253
                }
            },
            {
                "tick": 27,
                "easing": "EASEINOUTQUAD",
                "turn": 0,
                "rightArm": {
                    "pitch": -1.1004265546798706
                }
            },
            {
                "tick": 34,
                "easing": "EASEINOUTQUAD",
                "turn": 0,
                "rightArm": {
                    "pitch": -2.665093421936035
                }
            },
            {
                "tick": 36,
                "easing": "EASEINOUTQUAD",
                "turn": 0,
                "rightArm": {
                    "pitch": -2.5685267448425293
                }
            },
            {
                "tick": 46,
                "easing": "EASEINOUTQUAD",
                "turn": 0,
                "rightArm": {
                    "pitch": -0.0
                }
            },
            {
                "tick": 4,
                "easing": "EASEINOUTQUAD",
                "turn": 0,
                "rightArm": {
                    "bend": -1.3434321880340576
                }
            },
            {
                "tick": 10,
                "easing": "EASEINOUTQUAD",
                "turn": 0,
                "rightArm": {
                    "bend": -1.3434321880340576
                }
            },
            {
                "tick": 18,
                "easing": "EASEINOUTQUAD",
                "turn": 0,
                "rightArm": {
                    "bend": -0.8314347267150879
                }
            },
            {
                "tick": 25,
                "easing": "EASEINOUTQUAD",
                "turn": 0,
                "rightArm": {
                    "bend": -1.5707963705062866
                }
            },
            {
                "tick": 34,
                "easing": "EASEINOUTQUAD",
                "turn": 0,
                "rightArm": {
                    "bend": -0.5880388617515564
                }
            },
            {
                "tick": 40,
                "easing": "EASEINOUTQUAD",
                "turn": 0,
                "rightArm": {
                    "bend": -1.4567091464996338
                }
            },
            {
                "tick": 46,
                "easing": "EASEINOUTQUAD",
                "turn": 0,
                "rightArm": {
                    "bend": -0.0
                }
            }
        ]
    }
}